gameId,teamId,teamCity,teamName,teamTricode,teamSlug,minutes,estimatedOffensiveRating,offensiveRating,estimatedDefensiveRating,defensiveRating,estimatedNetRating,netRating,assistPercentage,assistToTurnover,assistRatio,offensiveReboundPercentage,defensiveReboundPercentage,reboundPercentage,estimatedTeamTurnoverPercentage,turnoverRatio,effectiveFieldGoalPercentage,trueShootingPercentage,usagePercentage,estimatedUsagePercentage,estimatedPace,pace,pacePer40,possessions,PIE
0022301067,1610612739,Cleveland,Cavaliers,CLE,cavaliers,240:00,121.0,128.6,120.7,123.9,0.3,4.7,0.756,2.43,25.1,0.263,0.623,0.473,14.475,15.4,0.646,0.667,1.0,0.195,95.6,91.5,76.25,91.0,0.544
0022301067,1610612755,Philadelphia,76ers,PHI,sixers,240:00,120.7,123.9,121.0,128.6,-0.3,-4.7,0.667,3.11,20.2,0.377,0.737,0.527,9.526,9.8,0.532,0.562,1.0,0.197,95.6,91.5,76.25,92.0,0.456
0022301188,1610612754,Indiana,Pacers,IND,pacers,240:00,144.8,146.7,105.6,107.5,39.2,39.3,0.631,2.56,25.4,0.333,0.745,0.575,14.76,15.0,0.745,0.752,1.0,0.193,108.64,107.0,89.17,107.0,0.649
0022301188,1610612737,Atlanta,Hawks,ATL,hawks,240:00,105.6,107.5,144.8,146.7,-39.2,-39.3,0.641,1.47,17.5,0.255,0.667,0.425,15.614,15.9,0.506,0.57,1.0,0.197,108.64,107.0,89.17,107.0,0.351
0022300975,1610612758,Sacramento,Kings,SAC,kings,240:00,93.4,94.8,98.9,102.1,-5.6,-7.3,0.733,1.83,16.9,0.237,0.725,0.464,12.315,12.5,0.412,0.472,1.0,0.199,98.24,96.0,80.0,96.0,0.434
0022300975,1610612752,New York,Knicks,NYK,knicks,240:00,98.9,102.1,93.4,94.8,5.6,7.3,0.514,1.19,14.8,0.275,0.763,0.536,16.155,16.7,0.494,0.527,1.0,0.194,98.24,96.0,80.0,96.0,0.566
0022300976,1610612749,Milwaukee,Bucks,MIL,bucks,240:00,138.4,137.3,128.2,127.7,10.2,9.5,0.686,3.18,23.9,0.233,0.778,0.481,10.874,10.8,0.67,0.699,1.0,0.198,100.88,101.5,84.58,102.0,0.515
0022300976,1610612756,Phoenix,Suns,PHX,suns,240:00,128.2,127.7,138.4,137.3,-10.2,-9.5,0.706,2.57,25.1,0.222,0.767,0.519,13.917,13.9,0.667,0.689,1.0,0.197,100.88,101.5,84.58,101.0,0.485
0022301089,1610612754,Indiana,Pacers,IND,pacers,240:00,124.9,129.1,108.5,108.8,16.4,20.3,0.66,3.5,22.5,0.365,0.725,0.544,9.391,9.7,0.578,0.602,1.0,0.194,104.4,102.5,85.42,103.0,0.616
0022301089,1610612751,Brooklyn,Nets,BKN,nets,240:00,108.5,108.8,124.9,129.1,-16.4,-20.3,0.488,1.33,14.9,0.275,0.635,0.456,14.66,14.7,0.529,0.559,1.0,0.199,104.4,102.5,85.42,102.0,0.384
0022301162,1610612749,Milwaukee,Bucks,MIL,bucks,240:00,119.6,121.9,99.9,104.2,19.8,17.7,0.628,1.8,20.0,0.295,0.778,0.539,15.337,15.6,0.601,0.63,1.0,0.191,98.46,95.5,79.58,96.0,0.598
0022301162,1610612753,Orlando,Magic,ORL,magic,240:00,99.9,104.2,119.6,121.9,-19.8,-17.7,0.528,1.19,15.4,0.222,0.705,0.461,16.142,16.8,0.532,0.562,1.0,0.198,98.46,95.5,79.58,95.0,0.402
0022301168,1610612762,Utah,Jazz,UTA,jazz,240:00,124.1,129.2,122.6,126.0,1.5,3.1,0.614,1.69,19.0,0.477,0.643,0.57,16.019,16.7,0.586,0.627,1.0,0.197,99.28,96.0,80.0,96.0,0.545
0022301168,1610612745,Houston,Rockets,HOU,rockets,240:00,122.6,126.0,124.1,129.2,-1.5,-3.1,0.55,2.2,16.1,0.357,0.523,0.43,10.134,10.4,0.532,0.578,1.0,0.199,99.28,96.0,80.0,96.0,0.455
0022301173,1610612738,Boston,Celtics,BOS,celtics,240:00,131.4,129.7,96.4,98.0,35.0,31.7,0.63,5.67,22.7,0.353,0.872,0.602,6.017,5.9,0.587,0.597,1.0,0.2,100.7,100.5,83.75,101.0,0.66
0022301173,1610612766,Charlotte,Hornets,CHA,hornets,240:00,96.4,98.0,131.4,129.7,-35.0,-31.7,0.625,1.0,15.9,0.128,0.647,0.398,19.67,20.0,0.52,0.572,1.0,0.197,100.7,100.5,83.75,100.0,0.34
0022301054,1610612741,Chicago,Bulls,CHI,bulls,240:00,123.9,128.9,103.0,103.1,20.9,25.7,0.571,3.5,19.7,0.388,0.778,0.592,7.927,8.2,0.561,0.59,1.0,0.197,98.52,96.5,80.42,97.0,0.649
0022301054,1610612754,Indiana,Pacers,IND,pacers,240:00,103.0,103.1,123.9,128.9,-20.9,-25.7,0.735,1.92,18.8,0.222,0.612,0.408,13.525,13.5,0.476,0.52,1.0,0.198,98.52,96.5,80.42,96.0,0.351
0022301113,1610612745,Houston,Rockets,HOU,rockets,240:00,110.9,110.0,133.0,134.3,-22.1,-24.3,0.639,1.92,17.1,0.288,0.588,0.407,12.097,12.0,0.488,0.554,1.0,0.201,99.6,99.5,82.92,100.0,0.396
0022301113,1610612744,Golden State,Warriors,GSW,warriors,240:00,133.0,134.3,110.9,110.0,22.1,24.3,0.617,1.38,20.6,0.412,0.712,0.593,21.0,21.2,0.694,0.731,1.0,0.195,99.6,99.5,82.92,99.0,0.604
0022301058,1610612762,Utah,Jazz,UTA,jazz,240:00,102.1,103.7,110.0,110.3,-7.9,-6.5,0.641,1.14,17.9,0.244,0.727,0.483,20.243,20.6,0.548,0.599,1.0,0.201,107.96,107.0,89.17,107.0,0.45
0022301058,1610612759,San Antonio,Spurs,SAS,spurs,240:00,110.0,110.3,102.1,103.7,7.9,6.5,0.909,1.9,25.6,0.273,0.756,0.517,19.582,19.6,0.605,0.619,1.0,0.201,107.96,107.0,89.17,107.0,0.55
0022301192,1610612755,Philadelphia,76ers,PHI,sixers,240:00,103.3,107.0,86.4,86.9,16.8,20.1,0.732,2.14,20.5,0.328,0.887,0.595,13.514,14.0,0.5,0.521,1.0,0.197,101.54,99.5,82.92,100.0,0.597
0022301192,1610612751,Brooklyn,Nets,BKN,nets,240:00,86.4,86.9,103.3,107.0,-16.8,-20.1,0.594,1.46,15.5,0.113,0.672,0.405,13.068,13.1,0.44,0.475,1.0,0.199,101.54,99.5,82.92,99.0,0.403
0022301037,1610612741,Chicago,Bulls,CHI,bulls,240:00,102.6,105.0,102.0,108.1,0.6,-3.1,0.75,2.25,19.5,0.278,0.667,0.482,11.728,12.0,0.471,0.529,1.0,0.199,103.62,99.5,82.92,100.0,0.515
0022301037,1610612764,Washington,Wizards,WAS,wizards,240:00,102.0,108.1,102.6,105.0,-0.6,3.1,0.821,2.29,21.2,0.333,0.722,0.518,13.343,14.1,0.474,0.51,1.0,0.197,103.62,99.5,82.92,99.0,0.485
0022301115,1610612766,Charlotte,Hornets,CHA,hornets,240:00,126.4,129.2,114.5,118.6,11.9,10.6,0.674,1.45,22.1,0.207,0.63,0.482,20.383,20.8,0.701,0.755,1.0,0.194,99.28,96.5,80.42,96.0,0.569
0022301115,1610612753,Orlando,Magic,ORL,magic,240:00,114.5,118.6,126.4,129.2,-11.9,-10.6,0.571,2.4,17.2,0.37,0.793,0.518,9.956,10.3,0.495,0.545,1.0,0.198,99.28,96.5,80.42,97.0,0.431
0022301085,1610612759,San Antonio,Spurs,SAS,spurs,240:00,113.1,114.1,115.0,118.2,-1.9,-4.0,0.775,1.63,21.1,0.353,0.638,0.49,19.015,19.2,0.545,0.583,1.0,0.198,100.82,99.0,82.5,99.0,0.468
0022301085,1610612744,Golden State,Warriors,GSW,warriors,240:00,115.0,118.2,113.1,114.1,1.9,4.0,0.756,2.13,23.0,0.362,0.647,0.51,15.729,16.2,0.576,0.599,1.0,0.199,100.82,99.0,82.5,99.0,0.532
0022300972,1610612763,Memphis,Grizzlies,MEM,grizzlies,240:00,112.6,113.1,117.7,119.2,-5.1,-6.1,0.919,2.43,24.2,0.188,0.744,0.451,14.079,14.1,0.568,0.606,1.0,0.199,99.84,99.0,82.5,99.0,0.469
0022300972,1610612760,Oklahoma City,Thunder,OKC,thunder,240:00,117.7,119.2,112.6,113.1,5.1,6.1,0.556,2.08,18.8,0.256,0.813,0.549,11.971,12.1,0.586,0.613,1.0,0.198,99.84,99.0,82.5,99.0,0.531
0022301050,1610612764,Washington,Wizards,WAS,wizards,265:00,110.7,113.3,115.0,116.2,-4.2,-2.9,0.565,1.86,18.8,0.229,0.778,0.52,13.026,13.3,0.582,0.604,1.0,0.199,96.72,95.09,79.25,105.0,0.478
0022301050,1610612751,Brooklyn,Nets,BKN,nets,265:00,115.0,116.2,110.7,113.3,4.2,2.9,0.511,3.0,17.1,0.222,0.771,0.48,7.539,7.6,0.531,0.564,1.0,0.198,96.72,95.09,79.25,105.0,0.522
0022300996,1610612739,Cleveland,Cavaliers,CLE,cavaliers,240:00,114.7,115.6,115.9,121.6,-1.2,-6.0,0.857,2.5,23.7,0.238,0.8,0.529,13.233,13.3,0.567,0.614,1.0,0.197,91.52,89.0,74.17,90.0,0.512
0022300996,1610612748,Miami,Heat,MIA,heat,240:00,115.9,121.6,114.7,115.6,1.2,6.0,0.5,2.38,16.1,0.2,0.762,0.471,8.662,9.1,0.536,0.586,1.0,0.193,91.52,89.0,74.17,88.0,0.488
0022301197,1610612759,San Antonio,Spurs,SAS,spurs,240:00,124.0,123.0,91.5,94.1,32.5,28.9,0.673,2.36,22.9,0.273,0.724,0.529,14.119,14.0,0.621,0.633,1.0,0.198,101.48,100.5,83.75,100.0,0.659
0022301197,1610612765,Detroit,Pistons,DET,pistons,240:00,91.5,94.1,124.0,123.0,-32.5,-28.9,0.472,1.21,12.9,0.276,0.727,0.471,13.487,13.9,0.435,0.471,1.0,0.199,101.48,100.5,83.75,101.0,0.341
0022301044,1610612748,Miami,Heat,MIA,heat,240:00,96.1,98.9,119.7,121.5,-23.6,-22.6,0.649,2.67,18.4,0.291,0.756,0.49,9.402,9.7,0.446,0.471,1.0,0.199,95.06,93.0,77.5,93.0,0.396
0022301044,1610612744,Golden State,Warriors,GSW,warriors,240:00,119.7,121.5,96.1,98.9,23.6,22.6,0.66,2.58,23.4,0.244,0.709,0.51,12.712,12.9,0.629,0.632,1.0,0.195,95.06,93.0,77.5,93.0,0.604
0022301040,1610612743,Denver,Nuggets,DEN,nuggets,240:00,129.4,129.3,97.3,104.0,32.1,25.3,0.792,2.38,25.0,0.395,0.613,0.524,16.175,16.2,0.617,0.654,1.0,0.198,102.4,99.0,82.5,99.0,0.651
0022301040,1610612763,Memphis,Grizzlies,MEM,grizzlies,240:00,97.3,104.0,129.4,129.3,-32.1,-25.3,0.676,1.47,16.9,0.387,0.605,0.476,16.056,17.2,0.452,0.486,1.0,0.192,102.4,99.0,82.5,99.0,0.349
0022301021,1610612737,Atlanta,Hawks,ATL,hawks,240:00,140.2,143.5,96.6,97.8,43.5,45.6,0.8,4.44,27.6,0.31,0.706,0.527,9.558,9.8,0.667,0.686,1.0,0.196,94.16,92.5,77.08,92.0,0.668
0022301021,1610612766,Charlotte,Hornets,CHA,hornets,240:00,96.6,97.8,140.2,143.5,-43.5,-45.6,0.714,1.67,19.2,0.294,0.69,0.473,15.93,16.1,0.482,0.505,1.0,0.196,94.16,92.5,77.08,93.0,0.332
0022301130,1610612743,Denver,Nuggets,DEN,nuggets,240:00,133.9,135.2,105.0,104.8,28.9,30.5,0.717,2.24,25.3,0.222,0.778,0.556,16.032,16.2,0.733,0.747,1.0,0.196,105.4,105.0,87.5,105.0,0.634
0022301130,1610612737,Atlanta,Hawks,ATL,hawks,240:00,105.0,104.8,133.9,135.2,-28.9,-30.5,0.811,1.88,20.6,0.222,0.778,0.444,15.273,15.2,0.494,0.551,1.0,0.199,105.4,105.0,87.5,105.0,0.366
0022301138,1610612756,Phoenix,Suns,PHX,suns,240:00,104.8,107.1,113.7,115.3,-8.9,-8.2,0.769,1.88,21.6,0.245,0.733,0.479,15.974,16.3,0.529,0.564,1.0,0.196,99.76,98.0,81.67,98.0,0.469
0022301138,1610612740,New Orleans,Pelicans,NOP,pelicans,240:00,113.7,115.3,104.8,107.1,8.9,8.2,0.65,1.86,19.5,0.267,0.755,0.521,14.09,14.3,0.565,0.605,1.0,0.197,99.76,98.0,81.67,98.0,0.531
0022300978,1610612742,Dallas,Mavericks,DAL,mavericks,240:00,107.8,112.6,109.7,109.4,-1.9,3.3,0.524,1.83,15.4,0.429,0.809,0.591,12.092,12.6,0.465,0.49,1.0,0.198,97.46,95.5,79.58,95.0,0.464
0022300978,1610612743,Denver,Nuggets,DEN,nuggets,240:00,109.7,109.4,107.8,112.6,1.9,-3.3,0.703,3.25,20.4,0.191,0.571,0.409,8.361,8.3,0.512,0.56,1.0,0.199,97.46,95.5,79.58,96.0,0.536
0022301112,1610612752,New York,Knicks,NYK,knicks,240:00,124.0,127.7,110.9,114.7,13.1,12.9,0.773,2.62,24.3,0.275,0.702,0.506,13.435,13.8,0.625,0.647,1.0,0.193,97.52,94.5,78.75,94.0,0.586
0022301112,1610612758,Sacramento,Kings,SAC,kings,240:00,110.9,114.7,124.0,127.7,-13.1,-12.9,0.619,1.63,19.5,0.298,0.725,0.494,16.28,16.8,0.593,0.597,1.0,0.198,97.52,94.5,78.75,95.0,0.414
0022301146,1610612761,Toronto,Raptors,TOR,raptors,240:00,114.4,119.4,129.5,135.9,-15.1,-16.5,0.447,1.4,14.5,0.434,0.563,0.495,13.951,14.6,0.527,0.567,1.0,0.201,107.82,103.0,85.83,103.0,0.418
0022301146,1610612754,Indiana,Pacers,IND,pacers,240:00,129.5,135.9,114.4,119.4,15.1,16.5,0.611,2.36,21.1,0.438,0.566,0.505,12.949,13.6,0.626,0.641,1.0,0.197,107.82,103.0,85.83,103.0,0.582
0022301163,1610612760,Oklahoma City,Thunder,OKC,thunder,240:00,110.2,111.4,76.9,78.1,33.3,33.3,0.702,2.75,21.3,0.175,0.879,0.553,10.413,10.5,0.545,0.576,1.0,0.2,115.52,114.0,95.0,114.0,0.675
0022301163,1610612759,San Antonio,Spurs,SAS,spurs,240:00,76.9,78.1,110.2,111.4,-33.3,-33.3,0.75,1.6,16.7,0.121,0.825,0.447,12.953,13.2,0.38,0.425,1.0,0.2,115.52,114.0,95.0,114.0,0.325
0022301169,1610612757,Portland,Trail Blazers,POR,blazers,240:00,94.4,101.1,108.9,108.7,-14.6,-7.6,0.629,1.69,15.8,0.422,0.698,0.533,13.336,14.3,0.402,0.44,1.0,0.197,94.64,91.5,76.25,91.0,0.402
0022301169,1610612744,Golden State,Warriors,GSW,warriors,240:00,108.9,108.7,94.4,101.1,14.6,7.6,0.667,1.5,19.1,0.302,0.578,0.467,17.429,17.4,0.545,0.583,1.0,0.2,94.64,91.5,76.25,92.0,0.598
0022301155,1610612747,Los Angeles,Lakers,LAL,lakers,240:00,114.8,118.8,133.7,132.7,-18.9,-13.9,0.705,3.88,21.3,0.264,0.861,0.506,7.651,7.9,0.521,0.563,1.0,0.196,102.4,101.0,84.17,101.0,0.443
0022301155,1610612744,Golden State,Warriors,GSW,warriors,240:00,133.7,132.7,114.8,118.8,18.9,13.9,0.787,2.47,26.2,0.139,0.736,0.494,14.964,14.9,0.75,0.751,1.0,0.2,102.4,101.0,84.17,101.0,0.557
0022301095,1610612764,Washington,Wizards,WAS,wizards,240:00,109.9,111.4,107.7,109.7,2.2,1.7,0.553,2.36,18.9,0.17,0.683,0.458,10.331,10.5,0.554,0.582,1.0,0.196,105.7,104.0,86.67,105.0,0.51
0022301095,1610612749,Milwaukee,Bucks,MIL,bucks,240:00,107.7,109.7,109.9,111.4,-2.2,-1.7,0.689,2.58,20.1,0.317,0.83,0.542,11.437,11.7,0.49,0.509,1.0,0.199,105.7,104.0,86.67,103.0,0.49
0022301176,1610612748,Miami,Heat,MIA,heat,240:00,128.7,127.6,106.5,106.2,22.2,21.4,0.822,5.29,26.4,0.205,0.805,0.494,7.208,7.1,0.622,0.65,1.0,0.196,96.9,97.5,81.25,98.0,0.616
0022301176,1610612761,Toronto,Raptors,TOR,raptors,240:00,106.5,106.2,128.7,127.6,-22.2,-21.4,0.622,1.35,18.2,0.195,0.795,0.506,17.584,17.5,0.545,0.594,1.0,0.201,96.9,97.5,81.25,97.0,0.384
0022301108,1610612750,Minnesota,Timberwolves,MIN,timberwolves,240:00,125.9,127.9,79.3,81.0,46.5,46.9,0.755,4.11,24.4,0.235,0.759,0.514,8.516,8.7,0.615,0.629,1.0,0.201,106.42,104.5,87.08,104.0,0.728
0022301108,1610612761,Toronto,Raptors,TOR,raptors,240:00,79.3,81.0,125.9,127.9,-46.5,-46.9,0.576,0.9,14.0,0.241,0.765,0.486,19.597,20.0,0.406,0.442,1.0,0.196,106.42,104.5,87.08,105.0,0.272
0022301183,1610612757,Portland,Trail Blazers,POR,blazers,240:00,108.3,109.2,116.2,118.4,-7.9,-9.2,0.541,2.86,14.8,0.322,0.714,0.5,7.088,7.1,0.453,0.496,1.0,0.2,99.28,98.0,81.67,98.0,0.441
0022301183,1610612745,Houston,Rockets,HOU,rockets,240:00,116.2,118.4,108.3,109.2,7.9,9.2,0.568,2.78,18.5,0.286,0.678,0.5,9.018,9.2,0.538,0.575,1.0,0.199,99.28,98.0,81.67,98.0,0.559
0022301016,1610612744,Golden State,Warriors,GSW,warriors,240:00,107.7,104.7,117.1,117.1,-9.4,-12.4,0.558,1.71,15.9,0.385,0.755,0.551,13.587,13.2,0.472,0.491,1.0,0.2,104.04,105.5,87.92,106.0,0.429
0022301016,1610612754,Indiana,Pacers,IND,pacers,240:00,117.1,117.1,107.7,104.7,9.4,12.4,0.667,2.91,21.5,0.245,0.615,0.449,10.472,10.5,0.561,0.58,1.0,0.198,104.04,105.5,87.92,105.0,0.571
0022300990,1610612747,Los Angeles,Lakers,LAL,lakers,240:00,131.0,134.7,103.3,105.0,27.7,29.7,0.75,4.33,26.6,0.154,0.759,0.515,8.671,8.9,0.661,0.688,1.0,0.193,102.7,100.5,83.75,101.0,0.618
0022300990,1610612737,Atlanta,Hawks,ATL,hawks,240:00,103.3,105.0,131.0,134.7,-27.7,-29.7,0.762,3.56,22.0,0.241,0.846,0.485,8.858,9.0,0.474,0.502,1.0,0.199,102.7,100.5,83.75,100.0,0.382
0022301061,1610612740,New Orleans,Pelicans,NOP,pelicans,240:00,104.9,108.1,100.6,103.1,4.3,5.0,0.611,3.14,16.3,0.267,0.854,0.528,6.865,7.1,0.44,0.505,1.0,0.197,100.66,98.0,81.67,99.0,0.562
0022301061,1610612749,Milwaukee,Bucks,MIL,bucks,240:00,100.6,103.1,104.9,108.1,-4.3,-5.0,0.553,1.5,16.8,0.146,0.733,0.472,14.09,14.4,0.549,0.553,1.0,0.199,100.66,98.0,81.67,97.0,0.438
0022300983,1610612754,Indiana,Pacers,IND,pacers,240:00,108.4,109.6,111.0,117.4,-2.6,-7.8,0.667,2.55,20.4,0.373,0.689,0.521,11.574,11.7,0.511,0.525,1.0,0.2,96.18,93.0,77.5,94.0,0.476
0022300983,1610612739,Cleveland,Cavaliers,CLE,cavaliers,240:00,111.0,117.4,108.4,109.6,2.6,7.8,0.711,1.93,20.3,0.311,0.627,0.479,14.386,15.2,0.55,0.585,1.0,0.199,96.18,93.0,77.5,92.0,0.524
0022301166,1610612765,Detroit,Pistons,DET,pistons,240:00,104.9,107.1,126.2,130.9,-21.4,-23.8,0.711,1.35,20.1,0.256,0.681,0.478,19.976,20.4,0.584,0.603,1.0,0.198,100.36,97.5,81.25,98.0,0.407
0022301166,1610612741,Chicago,Bulls,CHI,bulls,240:00,126.2,130.9,104.9,107.1,21.4,23.8,0.549,3.11,20.1,0.319,0.744,0.522,8.946,9.3,0.604,0.619,1.0,0.197,100.36,97.5,81.25,97.0,0.593
0022301066,1610612751,Brooklyn,Nets,BKN,nets,240:00,130.6,133.0,112.8,113.7,17.9,19.3,0.605,3.71,19.4,0.264,0.775,0.484,7.316,7.4,0.61,0.621,1.0,0.197,95.72,94.5,78.75,94.0,0.518
0022301066,1610612741,Chicago,Bulls,CHI,bulls,240:00,112.8,113.7,130.6,133.0,-17.9,-19.3,0.632,1.85,19.2,0.225,0.736,0.516,13.576,13.7,0.567,0.615,1.0,0.2,95.72,94.5,78.75,95.0,0.482
0022301104,1610612737,Atlanta,Hawks,ATL,hawks,240:00,113.5,116.3,107.4,109.7,6.1,6.6,0.735,2.25,24.2,0.262,0.811,0.568,15.009,15.4,0.617,0.626,1.0,0.199,105.92,103.5,86.25,104.0,0.566
0022301104,1610612765,Detroit,Pistons,DET,pistons,240:00,107.4,109.7,113.5,116.3,-6.1,-6.6,0.558,2.4,17.5,0.189,0.738,0.432,9.502,9.7,0.511,0.547,1.0,0.198,105.92,103.5,86.25,103.0,0.434
0022301174,1610612739,Cleveland,Cavaliers,CLE,cavaliers,240:00,122.7,126.5,113.6,116.5,9.2,10.0,0.56,2.55,19.4,0.292,0.727,0.5,10.464,10.8,0.595,0.614,1.0,0.195,105.4,102.5,85.42,102.0,0.504
0022301174,1610612754,Indiana,Pacers,IND,pacers,240:00,113.6,116.5,122.7,126.5,-9.2,-10.0,0.804,2.64,24.7,0.273,0.708,0.5,13.248,13.6,0.567,0.608,1.0,0.197,105.4,102.5,85.42,103.0,0.496
0022301003,1610612757,Portland,Trail Blazers,POR,blazers,240:00,106.6,106.2,120.1,119.6,-13.5,-13.4,0.538,1.24,16.7,0.222,0.786,0.494,17.598,17.5,0.574,0.588,1.0,0.201,96.6,97.0,80.83,97.0,0.392
0022301003,1610612746,LA,Clippers,LAC,clippers,240:00,120.1,119.6,106.6,106.2,13.5,13.4,0.644,2.42,21.7,0.214,0.778,0.506,12.422,12.4,0.599,0.626,1.0,0.197,96.6,97.0,80.83,97.0,0.608
0022301133,1610612754,Indiana,Pacers,IND,pacers,240:00,119.1,121.9,118.5,121.1,0.6,0.8,0.614,3.86,20.9,0.209,0.804,0.517,7.125,7.3,0.564,0.614,1.0,0.198,97.66,95.5,79.58,96.0,0.533
0022301133,1610612748,Miami,Heat,MIA,heat,240:00,118.5,121.1,119.1,121.9,-0.6,-0.8,0.538,3.0,16.7,0.196,0.791,0.483,7.211,7.4,0.512,0.586,1.0,0.198,97.66,95.5,79.58,95.0,0.467
0022301010,1610612756,Phoenix,Suns,PHX,suns,240:00,133.5,134.7,111.9,121.1,21.6,13.7,0.683,1.65,21.4,0.273,0.623,0.488,17.73,17.9,0.703,0.745,1.0,0.198,99.32,95.0,79.17,95.0,0.578
0022301010,1610612737,Atlanta,Hawks,ATL,hawks,240:00,111.9,121.1,133.5,134.7,-21.6,-13.7,0.675,2.45,19.0,0.377,0.727,0.512,10.705,11.6,0.505,0.554,1.0,0.192,99.32,95.0,79.17,95.0,0.422
0022300967,1610612745,Houston,Rockets,HOU,rockets,240:00,114.4,115.8,103.2,103.0,11.2,12.8,0.596,2.8,19.8,0.264,0.83,0.53,9.777,9.9,0.556,0.566,1.0,0.198,101.04,100.5,83.75,101.0,0.537
0022300967,1610612739,Cleveland,Cavaliers,CLE,cavaliers,240:00,103.2,103.0,114.4,115.8,-11.2,-12.8,0.595,1.38,17.1,0.17,0.736,0.47,16.032,16.0,0.524,0.567,1.0,0.199,101.04,100.5,83.75,100.0,0.463
0022301002,1610612756,Phoenix,Suns,PHX,suns,240:00,112.2,113.9,101.1,101.0,11.1,12.9,0.756,1.48,22.6,0.37,0.724,0.567,22.435,22.8,0.606,0.615,1.0,0.199,101.72,101.0,84.17,101.0,0.56
0022301002,1610612755,Philadelphia,76ers,PHI,sixers,240:00,101.1,101.0,112.2,113.9,-11.1,-12.9,0.805,3.0,22.5,0.276,0.63,0.433,10.9,10.9,0.5,0.496,1.0,0.197,101.72,101.0,84.17,101.0,0.44
0022301154,1610612762,Utah,Jazz,UTA,jazz,240:00,94.3,100.0,115.8,116.8,-21.5,-16.8,0.528,1.27,14.5,0.345,0.686,0.509,14.893,15.8,0.451,0.491,1.0,0.199,98.28,95.0,79.17,95.0,0.396
0022301154,1610612743,Denver,Nuggets,DEN,nuggets,240:00,115.8,116.8,94.3,100.0,21.5,16.8,0.652,3.0,21.6,0.314,0.655,0.491,10.434,10.5,0.564,0.562,1.0,0.198,98.28,95.0,79.17,95.0,0.604
0022301045,1610612749,Milwaukee,Bucks,MIL,bucks,290:00,98.8,100.0,103.2,104.1,-4.3,-4.1,0.755,2.64,20.8,0.257,0.701,0.468,11.157,11.3,0.475,0.49,1.0,0.199,103.27,102.21,85.17,124.0,0.459
0022301045,1610612747,Los Angeles,Lakers,LAL,lakers,290:00,103.2,104.1,98.8,100.0,4.3,4.1,0.714,1.76,17.7,0.299,0.743,0.532,13.701,13.8,0.454,0.524,1.0,0.201,103.27,102.21,85.17,123.0,0.541
0022301013,1610612748,Miami,Heat,MIA,heat,240:00,96.1,98.9,125.7,124.7,-29.7,-25.8,0.71,3.67,18.2,0.193,0.683,0.398,6.55,6.7,0.436,0.475,1.0,0.195,89.94,89.0,74.17,89.0,0.378
0022301013,1610612740,New Orleans,Pelicans,NOP,pelicans,240:00,125.7,124.7,96.1,98.9,29.7,25.8,0.595,1.92,20.0,0.317,0.807,0.602,14.726,14.6,0.622,0.636,1.0,0.197,89.94,89.0,74.17,89.0,0.622
0022301088,1610612765,Detroit,Pistons,DET,pistons,240:00,115.3,113.7,111.0,118.3,4.3,-4.6,0.55,1.57,17.6,0.25,0.593,0.439,14.944,14.7,0.576,0.609,1.0,0.199,96.4,94.0,78.33,95.0,0.5
0022301088,1610612763,Memphis,Grizzlies,MEM,grizzlies,240:00,111.0,118.3,115.3,113.7,-4.3,4.6,0.7,2.15,19.7,0.407,0.75,0.561,13.115,14.0,0.5,0.544,1.0,0.2,96.4,94.0,78.33,93.0,0.5
0022301129,1610612763,Memphis,Grizzlies,MEM,grizzlies,240:00,95.8,96.0,117.0,117.2,-21.3,-21.2,0.583,1.11,15.4,0.358,0.756,0.532,18.955,19.0,0.466,0.499,1.0,0.2,99.68,99.5,82.92,100.0,0.383
0022301129,1610612755,Philadelphia,76ers,PHI,sixers,240:00,117.0,117.2,95.8,96.0,21.3,21.2,0.659,1.42,20.0,0.244,0.642,0.468,19.169,19.2,0.62,0.651,1.0,0.2,99.68,99.5,82.92,99.0,0.617
0022301090,1610612753,Orlando,Magic,ORL,magic,240:00,109.6,109.5,106.6,107.3,3.0,2.2,0.722,1.63,20.0,0.227,0.706,0.484,16.863,16.8,0.546,0.592,1.0,0.198,95.74,95.5,79.58,95.0,0.504
0022301090,1610612757,Portland,Trail Blazers,POR,blazers,240:00,106.6,107.3,109.6,109.5,-3.0,-2.2,0.7,2.55,20.6,0.294,0.773,0.516,11.387,11.5,0.506,0.533,1.0,0.197,95.74,95.5,79.58,96.0,0.496
0022301065,1610612764,Washington,Wizards,WAS,wizards,240:00,85.7,86.1,93.4,95.0,-7.7,-8.9,0.611,1.16,16.6,0.231,0.792,0.514,18.716,18.8,0.46,0.475,1.0,0.199,102.16,101.0,84.17,101.0,0.439
0022301065,1610612765,Detroit,Pistons,DET,pistons,240:00,93.4,95.0,85.7,86.1,7.7,8.9,0.514,1.46,14.6,0.208,0.769,0.486,12.646,12.9,0.449,0.491,1.0,0.199,102.16,101.0,84.17,101.0,0.561
0022301060,1610612737,Atlanta,Hawks,ATL,hawks,265:00,120.1,119.4,114.8,119.6,5.3,-0.2,0.471,2.18,16.7,0.357,0.76,0.547,10.742,10.7,0.563,0.567,1.0,0.199,94.48,92.83,77.36,103.0,0.488
0022301060,1610612738,Boston,Celtics,BOS,celtics,265:00,114.8,119.6,120.1,119.4,-5.3,0.2,0.622,2.33,19.5,0.24,0.643,0.453,11.295,11.8,0.553,0.591,1.0,0.194,94.48,92.83,77.36,102.0,0.512
0022301145,1610612755,Philadelphia,76ers,PHI,sixers,240:00,118.7,120.0,100.4,101.0,18.2,19.0,0.659,3.22,19.8,0.339,0.731,0.528,8.9,9.0,0.515,0.555,1.0,0.198,101.34,100.5,83.75,100.0,0.604
0022301145,1610612765,Detroit,Pistons,DET,pistons,240:00,100.4,101.0,118.7,120.0,-18.2,-19.0,0.588,1.25,15.3,0.269,0.661,0.472,15.754,15.8,0.488,0.539,1.0,0.203,101.34,100.5,83.75,101.0,0.396
0022301142,1610612744,Golden State,Warriors,GSW,warriors,240:00,118.4,122.9,113.1,114.6,5.3,8.3,0.653,2.0,22.4,0.372,0.826,0.607,16.058,16.7,0.609,0.623,1.0,0.193,98.44,96.0,80.0,96.0,0.569
0022301142,1610612762,Utah,Jazz,UTA,jazz,240:00,113.1,114.6,118.4,122.9,-5.3,-8.3,0.538,1.91,16.9,0.174,0.628,0.393,11.312,11.5,0.56,0.596,1.0,0.198,98.44,96.0,80.0,96.0,0.431
0022301075,1610612753,Orlando,Magic,ORL,magic,240:00,117.9,118.0,88.5,87.1,29.4,30.9,0.737,1.65,21.0,0.171,0.737,0.5,16.98,17.0,0.628,0.67,1.0,0.198,99.8,100.5,83.75,100.0,0.636
0022301075,1610612763,Memphis,Grizzlies,MEM,grizzlies,240:00,88.5,87.1,117.9,118.0,-29.4,-30.9,0.806,1.32,18.2,0.263,0.829,0.5,19.099,18.8,0.43,0.471,1.0,0.201,99.8,100.5,83.75,101.0,0.364
0022301041,1610612762,Utah,Jazz,UTA,jazz,240:00,106.4,109.4,119.9,118.6,-13.5,-9.2,0.757,2.15,20.3,0.25,0.776,0.505,13.174,13.5,0.5,0.543,1.0,0.195,97.3,96.5,80.42,96.0,0.439
0022301041,1610612742,Dallas,Mavericks,DAL,mavericks,240:00,119.9,118.6,106.4,109.4,13.5,9.2,0.705,5.17,22.6,0.224,0.75,0.495,6.255,6.2,0.543,0.575,1.0,0.2,97.3,96.5,80.42,97.0,0.561
0022301062,1610612766,Charlotte,Hornets,CHA,hornets,240:00,103.7,101.0,121.1,121.1,-17.4,-20.0,0.676,2.09,17.9,0.241,0.738,0.458,11.757,11.5,0.476,0.513,1.0,0.201,94.26,95.5,79.58,96.0,0.387
0022301062,1610612744,Golden State,Warriors,GSW,warriors,240:00,121.1,121.1,103.7,101.0,17.4,20.0,0.729,2.69,24.8,0.262,0.759,0.542,13.69,13.7,0.601,0.619,1.0,0.196,94.26,95.5,79.58,95.0,0.613
0022301096,1610612748,Miami,Heat,MIA,heat,240:00,115.7,117.2,107.3,107.6,8.3,9.6,0.667,1.33,19.2,0.289,0.795,0.561,19.1,19.4,0.601,0.655,1.0,0.198,93.24,92.5,77.08,93.0,0.54
0022301096,1610612752,New York,Knicks,NYK,knicks,240:00,107.3,107.6,115.7,117.2,-8.3,-9.6,0.714,1.79,20.1,0.205,0.711,0.439,15.178,15.2,0.539,0.581,1.0,0.202,93.24,92.5,77.08,92.0,0.46
0022301086,1610612758,Sacramento,Kings,SAC,kings,240:00,132.1,135.1,110.0,114.0,22.1,21.1,0.756,2.27,23.8,0.429,0.7,0.576,15.605,16.0,0.655,0.675,1.0,0.2,96.22,93.5,77.92,94.0,0.617
0022301086,1610612762,Utah,Jazz,UTA,jazz,240:00,110.0,114.0,132.1,135.1,-22.1,-21.1,0.647,1.83,17.0,0.3,0.571,0.424,12.458,12.9,0.506,0.556,1.0,0.199,96.22,93.5,77.92,93.0,0.383
0022301117,1610612764,Washington,Wizards,WAS,wizards,240:00,102.8,105.2,106.3,110.2,-3.5,-5.0,0.632,2.4,17.8,0.255,0.607,0.432,10.081,10.3,0.46,0.504,1.0,0.196,100.38,97.5,81.25,97.0,0.47
0022301117,1610612757,Portland,Trail Blazers,POR,blazers,240:00,106.3,110.2,102.8,105.2,3.5,5.0,0.707,2.23,19.8,0.393,0.745,0.568,12.8,13.3,0.484,0.516,1.0,0.197,100.38,97.5,81.25,98.0,0.53
0022301084,1610612750,Minnesota,Timberwolves,MIN,timberwolves,240:00,104.9,106.3,116.9,117.2,-11.9,-10.9,0.737,2.0,21.2,0.234,0.769,0.477,14.547,14.7,0.537,0.56,1.0,0.194,94.76,94.0,78.33,95.0,0.472
0022301084,1610612741,Chicago,Bulls,CHI,bulls,240:00,116.9,117.2,104.9,106.3,11.9,10.9,0.714,1.88,22.9,0.231,0.766,0.523,17.153,17.2,0.631,0.639,1.0,0.199,94.76,94.0,78.33,93.0,0.528
0022301190,1610612752,New York,Knicks,NYK,knicks,265:00,114.0,114.3,113.3,114.4,0.7,-0.1,0.587,1.29,18.2,0.396,0.704,0.559,19.954,20.0,0.571,0.599,1.0,0.2,95.22,94.64,78.87,105.0,0.511
0022301190,1610612741,Chicago,Bulls,CHI,bulls,265:00,113.3,114.4,114.0,114.3,-0.7,0.1,0.51,2.08,17.2,0.296,0.604,0.441,11.424,11.5,0.525,0.551,1.0,0.198,95.22,94.64,78.87,104.0,0.489
0022301082,1610612752,New York,Knicks,NYK,knicks,240:00,108.8,115.5,117.0,116.5,-8.2,-1.0,0.632,2.18,16.9,0.379,0.727,0.529,10.684,11.3,0.484,0.524,1.0,0.197,99.76,97.0,80.83,97.0,0.46
0022301082,1610612760,Oklahoma City,Thunder,OKC,thunder,240:00,117.0,116.5,108.8,115.5,8.2,1.0,0.659,2.23,21.6,0.273,0.621,0.471,13.463,13.4,0.616,0.61,1.0,0.201,99.76,97.0,80.83,97.0,0.54
0022301039,1610612759,San Antonio,Spurs,SAS,spurs,240:00,102.6,105.1,102.9,104.1,-0.3,1.0,0.575,3.29,17.8,0.185,0.841,0.48,6.906,7.1,0.484,0.523,1.0,0.199,100.26,98.5,82.08,99.0,0.481
0022301039,1610612756,Phoenix,Suns,PHX,suns,240:00,102.9,104.1,102.6,105.1,0.3,-1.0,0.667,1.87,21.2,0.159,0.815,0.52,15.127,15.3,0.566,0.572,1.0,0.198,100.26,98.5,82.08,98.0,0.519
0022301105,1610612738,Boston,Celtics,BOS,celtics,240:00,134.5,137.8,97.7,102.0,36.8,35.7,0.66,3.0,22.9,0.381,0.75,0.578,10.961,11.2,0.636,0.673,1.0,0.199,101.34,98.0,81.67,98.0,0.633
0022301105,1610612760,Oklahoma City,Thunder,OKC,thunder,240:00,97.7,102.0,134.5,137.8,-36.8,-35.7,0.6,1.5,16.4,0.25,0.619,0.422,13.683,14.3,0.463,0.536,1.0,0.199,101.34,98.0,81.67,98.0,0.367
0022300974,1610612762,Utah,Jazz,UTA,jazz,240:00,101.8,99.0,117.1,119.0,-15.3,-20.0,0.605,1.44,17.5,0.213,0.863,0.551,16.287,15.8,0.494,0.542,1.0,0.198,99.92,100.5,83.75,101.0,0.439
0022300974,1610612750,Minnesota,Timberwolves,MIN,timberwolves,240:00,117.1,119.0,101.8,99.0,15.3,20.0,0.705,3.44,22.2,0.137,0.787,0.449,8.858,9.0,0.575,0.597,1.0,0.195,99.92,100.5,83.75,100.0,0.561
0022301198,1610612744,Golden State,Warriors,GSW,warriors,240:00,121.6,123.0,113.7,116.0,8.0,7.0,0.778,3.89,23.6,0.294,0.667,0.475,8.9,9.0,0.553,0.591,1.0,0.2,101.58,100.0,83.33,100.0,0.571
0022301198,1610612762,Utah,Jazz,UTA,jazz,240:00,113.7,116.0,121.6,123.0,-8.0,-7.0,0.478,1.1,15.9,0.333,0.706,0.525,19.6,20.0,0.596,0.604,1.0,0.195,101.58,100.0,83.33,100.0,0.429
0022301196,1610612760,Oklahoma City,Thunder,OKC,thunder,240:00,125.0,127.4,80.0,81.9,44.9,45.5,0.704,2.53,24.2,0.311,0.765,0.584,13.884,14.2,0.629,0.649,1.0,0.195,107.76,105.5,87.92,106.0,0.754
0022301196,1610612742,Dallas,Mavericks,DAL,mavericks,240:00,80.0,81.9,125.0,127.4,-44.9,-45.5,0.594,1.27,13.7,0.235,0.689,0.416,13.956,14.3,0.371,0.412,1.0,0.199,107.76,105.5,87.92,105.0,0.246
0022301125,1610612756,Phoenix,Suns,PHX,suns,240:00,97.2,95.1,85.2,87.0,12.1,8.1,0.879,1.61,21.4,0.174,0.8,0.515,18.043,17.6,0.493,0.546,1.0,0.199,100.96,101.0,84.17,102.0,0.59
0022301125,1610612750,Minnesota,Timberwolves,MIN,timberwolves,240:00,85.2,87.0,97.2,95.1,-12.1,-8.1,0.697,1.21,17.3,0.2,0.826,0.485,18.598,19.0,0.447,0.477,1.0,0.198,100.96,101.0,84.17,100.0,0.41
0022301126,1610612746,LA,Clippers,LAC,clippers,240:00,123.7,126.0,97.4,99.0,26.3,26.9,0.627,2.13,21.9,0.262,0.717,0.529,14.162,14.4,0.632,0.662,1.0,0.197,105.34,103.5,86.25,104.0,0.645
0022301126,1610612762,Utah,Jazz,UTA,jazz,240:00,97.4,99.0,123.7,126.0,-26.3,-26.9,0.571,1.33,14.4,0.283,0.738,0.471,14.318,14.6,0.434,0.492,1.0,0.2,105.34,103.5,86.25,103.0,0.355
0022301101,1610612758,Sacramento,Kings,SAC,kings,240:00,117.2,116.0,100.1,101.1,17.1,14.9,0.744,2.9,20.4,0.375,0.776,0.562,10.753,10.6,0.489,0.529,1.0,0.2,93.94,94.0,78.33,94.0,0.625
0022301101,1610612746,LA,Clippers,LAC,clippers,240:00,100.1,101.1,117.2,116.0,-17.1,-14.9,0.581,1.13,14.8,0.224,0.625,0.438,16.863,17.0,0.48,0.541,1.0,0.196,93.94,94.0,78.33,94.0,0.375
0022301189,1610612748,Miami,Heat,MIA,heat,240:00,116.4,116.8,97.9,104.0,18.5,12.8,0.63,1.53,20.2,0.333,0.648,0.51,18.745,18.8,0.58,0.619,1.0,0.196,103.3,100.0,83.33,101.0,0.631
0022301189,1610612761,Toronto,Raptors,TOR,raptors,240:00,97.9,104.0,116.4,116.8,-18.5,-12.8,0.605,1.21,16.3,0.352,0.667,0.49,18.054,19.2,0.472,0.519,1.0,0.198,103.3,100.0,83.33,99.0,0.369
0022301001,1610612744,Golden State,Warriors,GSW,warriors,240:00,141.8,142.7,116.1,122.1,25.7,20.6,0.741,6.14,28.2,0.356,0.632,0.51,7.243,7.3,0.675,0.667,1.0,0.197,98.28,95.5,79.58,96.0,0.61
0022301001,1610612763,Memphis,Grizzlies,MEM,grizzlies,240:00,116.1,122.1,141.8,142.7,-25.7,-20.6,0.69,2.42,20.0,0.368,0.644,0.49,12.01,12.6,0.531,0.558,1.0,0.195,98.28,95.5,79.58,95.0,0.39
0022301136,1610612753,Orlando,Magic,ORL,magic,240:00,114.9,118.9,100.3,104.3,14.6,14.7,0.571,2.4,18.1,0.333,0.762,0.533,10.167,10.5,0.528,0.574,1.0,0.199,98.02,94.5,78.75,95.0,0.58
0022301136,1610612741,Chicago,Bulls,CHI,bulls,240:00,100.3,104.3,114.9,118.9,-14.6,-14.7,0.526,0.95,15.9,0.238,0.667,0.467,21.499,22.3,0.547,0.579,1.0,0.197,98.02,94.5,78.75,94.0,0.42
0022301110,1610612756,Phoenix,Suns,PHX,suns,240:00,119.0,123.2,101.7,102.0,17.4,21.2,0.727,2.0,22.5,0.302,0.804,0.562,15.613,16.2,0.609,0.646,1.0,0.197,100.92,99.0,82.5,99.0,0.568
0022301110,1610612739,Cleveland,Cavaliers,CLE,cavaliers,240:00,101.7,102.0,119.0,123.2,-17.4,-21.2,0.718,1.87,20.8,0.196,0.698,0.438,15.097,15.2,0.512,0.553,1.0,0.199,100.92,99.0,82.5,99.0,0.432
0022301148,1610612749,Milwaukee,Bucks,MIL,bucks,240:00,115.7,115.6,97.8,101.1,17.9,14.4,0.674,1.61,22.5,0.308,0.714,0.547,20.027,20.0,0.636,0.635,1.0,0.196,91.44,90.0,75.0,90.0,0.589
0022301148,1610612738,Boston,Celtics,BOS,celtics,240:00,97.8,101.1,115.7,115.6,-17.9,-14.4,0.73,2.25,20.5,0.286,0.692,0.453,12.903,13.3,0.489,0.489,1.0,0.2,91.44,90.0,75.0,90.0,0.411
0022300981,1610612759,San Antonio,Spurs,SAS,spurs,265:00,106.9,110.9,103.3,105.5,3.6,5.4,0.652,1.67,19.1,0.315,0.759,0.545,15.773,16.4,0.51,0.559,1.0,0.195,102.1,99.17,82.64,110.0,0.517
0022300981,1610612751,Brooklyn,Nets,BKN,nets,265:00,103.3,105.5,106.9,110.9,-3.6,-5.4,0.617,2.42,19.2,0.241,0.685,0.455,10.776,11.0,0.5,0.521,1.0,0.198,102.1,99.17,82.64,109.0,0.483
0022301077,1610612743,Denver,Nuggets,DEN,nuggets,240:00,131.7,132.7,100.8,104.1,30.9,28.5,0.72,2.12,24.7,0.385,0.854,0.644,17.22,17.3,0.695,0.701,1.0,0.199,99.48,97.5,81.25,98.0,0.617
0022301077,1610612739,Cleveland,Cavaliers,CLE,cavaliers,240:00,100.8,104.1,131.7,132.7,-30.9,-28.5,0.684,1.73,19.7,0.146,0.615,0.356,14.964,15.5,0.512,0.553,1.0,0.196,99.48,97.5,81.25,97.0,0.383
0022301048,1610612766,Charlotte,Hornets,CHA,hornets,240:00,126.0,126.9,114.2,119.4,11.7,7.5,0.682,1.88,22.8,0.314,0.689,0.525,17.079,17.2,0.664,0.689,1.0,0.199,95.42,93.0,77.5,93.0,0.569
0022301048,1610612739,Cleveland,Cavaliers,CLE,cavaliers,240:00,114.2,119.4,126.0,126.9,-11.7,-7.5,0.786,2.2,23.7,0.311,0.686,0.475,15.438,16.1,0.606,0.609,1.0,0.194,95.42,93.0,77.5,93.0,0.431
0022300995,1610612750,Minnesota,Timberwolves,MIN,timberwolves,240:00,115.3,114.3,118.9,118.6,-3.6,-4.3,0.595,3.57,19.2,0.224,0.738,0.462,7.208,7.1,0.545,0.571,1.0,0.202,96.9,97.5,81.25,98.0,0.494
0022300995,1610612743,Denver,Nuggets,DEN,nuggets,240:00,118.9,118.6,115.3,114.3,3.6,4.3,0.619,1.53,19.4,0.262,0.776,0.538,17.584,17.5,0.605,0.634,1.0,0.199,96.9,97.5,81.25,97.0,0.506
0022301022,1610612764,Washington,Wizards,WAS,wizards,240:00,109.4,112.0,104.4,106.9,5.1,5.1,0.636,1.56,19.1,0.367,0.702,0.547,17.585,18.0,0.538,0.558,1.0,0.198,103.4,101.0,84.17,100.0,0.537
0022301022,1610612761,Toronto,Raptors,TOR,raptors,240:00,104.4,106.9,109.4,112.0,-5.1,-5.1,0.675,2.25,18.7,0.298,0.633,0.453,11.49,11.8,0.468,0.517,1.0,0.196,103.4,101.0,84.17,102.0,0.463
0022300969,1610612755,Philadelphia,76ers,PHI,sixers,240:00,111.2,116.0,104.3,103.2,6.9,12.8,0.694,1.56,18.8,0.304,0.702,0.505,16.327,17.0,0.525,0.592,1.0,0.196,95.96,94.5,78.75,94.0,0.545
0022300969,1610612766,Charlotte,Hornets,CHA,hornets,240:00,104.3,103.2,111.2,116.0,-6.9,-12.8,0.568,1.31,16.5,0.298,0.696,0.495,17.036,16.8,0.512,0.545,1.0,0.198,95.96,94.5,78.75,95.0,0.455
0022300984,1610612738,Boston,Celtics,BOS,celtics,240:00,123.0,124.0,98.3,98.9,24.7,25.0,0.698,2.73,21.2,0.34,0.816,0.569,11.373,11.5,0.568,0.591,1.0,0.195,96.16,95.5,79.58,96.0,0.613
0022300984,1610612765,Detroit,Pistons,DET,pistons,240:00,98.3,98.9,123.0,124.0,-24.7,-25.0,0.583,1.62,16.9,0.184,0.66,0.431,13.598,13.7,0.482,0.519,1.0,0.197,96.16,95.5,79.58,95.0,0.387
0022300970,1610612740,New Orleans,Pelicans,NOP,pelicans,240:00,124.3,128.6,107.8,110.3,16.5,18.3,0.692,3.6,24.4,0.348,0.698,0.517,9.862,10.2,0.603,0.621,1.0,0.197,100.34,97.5,81.25,98.0,0.606
0022300970,1610612757,Portland,Trail Blazers,POR,blazers,240:00,107.8,110.3,124.3,128.6,-16.5,-18.3,0.548,1.15,17.4,0.302,0.652,0.483,20.145,20.6,0.571,0.599,1.0,0.198,100.34,97.5,81.25,97.0,0.394
0022301157,1610612757,Portland,Trail Blazers,POR,blazers,240:00,102.5,104.2,114.9,112.2,-12.3,-8.1,0.7,1.27,20.2,0.304,0.725,0.526,22.559,22.9,0.547,0.565,1.0,0.197,96.64,97.0,80.83,96.0,0.425
0022301157,1610612740,New Orleans,Pelicans,NOP,pelicans,240:00,114.9,112.2,102.5,104.2,12.3,8.1,0.694,2.78,18.7,0.275,0.696,0.474,9.398,9.2,0.477,0.551,1.0,0.2,96.64,97.0,80.83,98.0,0.575
0022301078,1610612751,Brooklyn,Nets,BKN,nets,240:00,99.7,101.0,115.2,113.7,-15.6,-12.8,0.487,1.46,14.4,0.211,0.816,0.453,12.457,12.6,0.489,0.518,1.0,0.196,102.52,102.5,85.42,103.0,0.4
0022301078,1610612747,Los Angeles,Lakers,LAL,lakers,240:00,115.2,113.7,99.7,101.0,15.6,12.8,0.571,1.2,18.4,0.184,0.789,0.547,19.865,19.6,0.643,0.669,1.0,0.201,102.52,102.5,85.42,102.0,0.6
0022301055,1610612763,Memphis,Grizzlies,MEM,grizzlies,240:00,116.6,115.9,125.5,128.3,-8.9,-12.4,0.652,2.14,20.1,0.245,0.775,0.473,13.163,13.1,0.562,0.588,1.0,0.196,107.38,106.5,88.75,107.0,0.436
0022301055,1610612747,Los Angeles,Lakers,LAL,lakers,240:00,125.5,128.3,116.6,115.9,8.9,12.4,0.689,1.94,21.6,0.225,0.755,0.527,14.76,15.1,0.667,0.705,1.0,0.199,107.38,106.5,88.75,106.0,0.564
0022301194,1610612750,Minnesota,Timberwolves,MIN,timberwolves,240:00,110.8,114.0,133.1,133.0,-22.3,-19.0,0.611,0.92,17.0,0.4,0.634,0.526,25.094,25.8,0.579,0.634,1.0,0.197,94.78,93.5,77.92,93.0,0.423
0022301194,1610612756,Phoenix,Suns,PHX,suns,240:00,133.1,133.0,110.8,114.0,22.3,19.0,0.596,2.15,20.8,0.366,0.6,0.474,13.842,13.8,0.64,0.665,1.0,0.196,94.78,93.5,77.92,94.0,0.577
0022301076,1610612737,Atlanta,Hawks,ATL,hawks,240:00,110.9,114.1,122.7,124.5,-11.9,-10.3,0.571,2.18,17.8,0.275,0.795,0.5,10.793,11.1,0.533,0.565,1.0,0.198,100.66,98.5,82.08,99.0,0.416
0022301076,1610612749,Milwaukee,Bucks,MIL,bucks,240:00,122.7,124.5,110.9,114.1,11.9,10.3,0.628,2.25,20.4,0.205,0.725,0.5,12.072,12.2,0.603,0.653,1.0,0.195,100.66,98.5,82.08,98.0,0.584
0022301038,1610612745,Houston,Rockets,HOU,rockets,240:00,110.0,112.2,91.5,92.9,18.5,19.3,0.514,2.11,14.4,0.286,0.717,0.495,9.0,9.2,0.462,0.529,1.0,0.198,100.3,98.5,82.08,98.0,0.623
0022301038,1610612757,Portland,Trail Blazers,POR,blazers,240:00,91.5,92.9,110.0,112.2,-18.5,-19.3,0.389,0.82,11.2,0.283,0.714,0.505,16.899,17.2,0.454,0.491,1.0,0.199,100.3,98.5,82.08,99.0,0.377
0022301106,1610612751,Brooklyn,Nets,BKN,nets,240:00,118.7,118.6,113.5,116.8,5.3,1.7,0.524,1.69,16.4,0.396,0.655,0.538,13.419,13.4,0.552,0.582,1.0,0.2,97.36,96.0,80.0,97.0,0.521
0022301106,1610612754,Indiana,Pacers,IND,pacers,240:00,113.5,116.8,118.7,118.6,-5.3,-1.7,0.587,3.0,18.8,0.345,0.604,0.462,9.199,9.5,0.495,0.515,1.0,0.197,97.36,96.0,80.0,95.0,0.479
0022301118,1610612738,Boston,Celtics,BOS,celtics,240:00,108.7,108.6,103.4,105.3,5.3,3.3,0.658,3.13,19.2,0.25,0.667,0.478,8.61,8.6,0.494,0.521,1.0,0.2,94.82,94.0,78.33,93.0,0.553
0022301118,1610612758,Sacramento,Kings,SAC,kings,240:00,103.4,105.3,108.7,108.6,-5.3,-3.3,0.553,3.0,15.8,0.333,0.75,0.522,7.237,7.4,0.47,0.477,1.0,0.201,94.82,94.0,78.33,95.0,0.447
0022301132,1610612746,LA,Clippers,LAC,clippers,240:00,120.5,120.0,113.6,118.0,6.9,2.0,0.634,1.63,19.0,0.302,0.776,0.554,16.071,16.0,0.571,0.635,1.0,0.199,101.72,100.0,83.33,100.0,0.504
0022301132,1610612739,Cleveland,Cavaliers,CLE,cavaliers,240:00,113.6,118.0,120.5,120.0,-6.9,-2.0,0.643,2.45,19.6,0.224,0.698,0.446,10.589,11.0,0.54,0.591,1.0,0.197,101.72,100.0,83.33,100.0,0.496
0022301005,1610612764,Washington,Wizards,WAS,wizards,240:00,107.8,110.1,102.7,103.0,5.1,7.1,0.488,1.0,15.3,0.302,0.745,0.543,19.778,20.2,0.568,0.598,1.0,0.196,100.24,99.0,82.5,99.0,0.528
0022301005,1610612758,Sacramento,Kings,SAC,kings,240:00,102.7,103.0,107.8,110.1,-5.1,-7.1,0.568,1.4,16.1,0.255,0.698,0.457,15.097,15.2,0.494,0.54,1.0,0.201,100.24,99.0,82.5,99.0,0.472
0022301094,1610612761,Toronto,Raptors,TOR,raptors,240:00,100.7,105.7,118.2,120.8,-17.5,-15.0,0.581,1.47,17.8,0.224,0.704,0.476,15.421,16.2,0.539,0.565,1.0,0.2,109.26,105.5,87.92,105.0,0.434
0022301094,1610612747,Los Angeles,Lakers,LAL,lakers,240:00,118.2,120.8,100.7,105.7,17.5,15.0,0.731,2.53,23.9,0.296,0.776,0.524,13.853,14.2,0.604,0.602,1.0,0.195,109.26,105.5,87.92,106.0,0.566
0022301087,1610612766,Charlotte,Hornets,CHA,hornets,240:00,109.7,110.6,122.9,126.9,-13.2,-16.2,0.683,4.0,21.4,0.176,0.708,0.434,7.381,7.4,0.522,0.543,1.0,0.194,95.44,93.5,77.92,94.0,0.447
0022301087,1610612738,Boston,Celtics,BOS,celtics,240:00,122.9,126.9,109.7,110.6,13.2,16.2,0.651,2.55,20.7,0.292,0.824,0.566,11.454,11.8,0.59,0.614,1.0,0.196,95.44,93.5,77.92,93.0,0.553
0022301164,1610612743,Denver,Nuggets,DEN,nuggets,240:00,120.7,127.5,116.0,116.3,4.7,11.2,0.674,2.21,22.4,0.364,0.745,0.56,14.565,15.4,0.62,0.623,1.0,0.196,94.18,91.5,76.25,91.0,0.557
0022301164,1610612750,Minnesota,Timberwolves,MIN,timberwolves,240:00,116.0,116.3,120.7,127.5,-4.7,-11.2,0.561,2.3,18.5,0.255,0.636,0.44,10.841,10.9,0.579,0.586,1.0,0.198,94.18,91.5,76.25,92.0,0.443
0022301081,1610612764,Washington,Wizards,WAS,wizards,240:00,100.7,102.9,116.9,115.5,-16.2,-12.6,0.675,1.69,19.3,0.265,0.837,0.533,15.06,15.4,0.517,0.55,1.0,0.2,104.0,103.5,86.25,104.0,0.429
0022301081,1610612748,Miami,Heat,MIA,heat,240:00,116.9,115.5,100.7,102.9,16.2,12.6,0.55,1.57,17.0,0.163,0.735,0.467,13.758,13.6,0.58,0.635,1.0,0.2,104.0,103.5,86.25,103.0,0.571
0022301120,1610612745,Houston,Rockets,HOU,rockets,240:00,106.1,105.1,119.9,119.0,-13.8,-13.9,0.735,2.78,18.5,0.246,0.778,0.48,9.184,9.1,0.456,0.515,1.0,0.202,98.62,99.5,82.92,99.0,0.432
0022301120,1610612748,Miami,Heat,MIA,heat,240:00,119.9,119.0,106.1,105.1,13.8,13.9,0.614,3.0,20.1,0.222,0.754,0.52,9.069,9.0,0.567,0.606,1.0,0.198,98.62,99.5,82.92,100.0,0.568
0022301151,1610612763,Memphis,Grizzlies,MEM,grizzlies,240:00,87.1,88.8,104.6,105.2,-17.5,-16.4,0.583,2.63,15.2,0.324,0.756,0.496,8.013,8.2,0.375,0.4,1.0,0.199,98.68,97.5,81.25,98.0,0.379
0022301151,1610612759,San Antonio,Spurs,SAS,spurs,240:00,104.6,105.2,87.1,88.8,17.5,16.4,0.714,1.76,21.8,0.244,0.676,0.504,17.432,17.5,0.54,0.563,1.0,0.197,98.68,97.5,81.25,97.0,0.621
0022300985,1610612755,Philadelphia,76ers,PHI,sixers,240:00,102.9,102.1,91.8,94.8,11.1,7.3,0.622,1.92,18.4,0.163,0.702,0.453,12.594,12.5,0.512,0.543,1.0,0.197,97.22,96.0,80.0,96.0,0.554
0022300985,1610612748,Miami,Heat,MIA,heat,240:00,91.8,94.8,102.9,102.1,-11.1,-7.3,0.657,1.53,17.3,0.298,0.837,0.547,15.127,15.6,0.461,0.478,1.0,0.2,97.22,96.0,80.0,96.0,0.446
0022301012,1610612761,Toronto,Raptors,TOR,raptors,240:00,97.6,99.0,115.6,117.1,-18.0,-18.1,0.85,1.26,23.5,0.175,0.646,0.432,25.597,26.0,0.599,0.617,1.0,0.199,105.92,104.5,87.08,104.0,0.445
0022301012,1610612760,Oklahoma City,Thunder,OKC,thunder,240:00,115.6,117.1,97.6,99.0,18.0,18.1,0.563,1.69,18.4,0.354,0.825,0.568,15.043,15.2,0.568,0.595,1.0,0.198,105.92,104.5,87.08,105.0,0.555
0022301053,1610612761,Toronto,Raptors,TOR,raptors,240:00,104.4,108.6,149.4,155.9,-45.0,-47.3,0.795,1.72,22.3,0.333,0.5,0.412,18.61,19.4,0.53,0.563,1.0,0.199,96.88,93.0,77.5,93.0,0.344
0022301053,1610612752,New York,Knicks,NYK,knicks,240:00,149.4,155.9,104.4,108.6,45.0,47.3,0.673,3.36,24.8,0.5,0.667,0.588,11.336,11.8,0.702,0.718,1.0,0.198,96.88,93.0,77.5,93.0,0.656
0022301140,1610612759,San Antonio,Spurs,SAS,spurs,290:00,104.6,103.3,105.3,109.0,-0.6,-5.7,0.705,1.24,18.7,0.255,0.762,0.525,20.757,20.5,0.531,0.576,1.0,0.199,102.12,100.97,84.14,122.0,0.486
0022301140,1610612755,Philadelphia,76ers,PHI,sixers,290:00,105.3,109.0,104.6,103.3,0.6,5.7,0.596,2.58,18.7,0.238,0.745,0.475,9.497,9.8,0.509,0.543,1.0,0.196,102.12,100.97,84.14,122.0,0.514
0022301193,1610612763,Memphis,Grizzlies,MEM,grizzlies,240:00,105.8,107.8,123.0,122.3,-17.2,-14.6,0.489,1.69,15.4,0.333,0.609,0.456,12.39,12.6,0.49,0.514,1.0,0.198,103.68,103.0,85.83,103.0,0.395
0022301193,1610612743,Denver,Nuggets,DEN,nuggets,240:00,123.0,122.3,105.8,107.8,17.2,14.6,0.696,1.78,21.3,0.391,0.667,0.544,17.571,17.5,0.584,0.627,1.0,0.199,103.68,103.0,85.83,103.0,0.605
0022301123,1610612740,New Orleans,Pelicans,NOP,pelicans,240:00,112.0,112.4,111.3,113.3,0.7,-0.9,0.636,1.65,20.5,0.286,0.773,0.535,17.475,17.5,0.564,0.597,1.0,0.199,98.5,97.5,81.25,97.0,0.485
0022301123,1610612759,San Antonio,Spurs,SAS,spurs,240:00,111.3,113.3,112.0,112.4,-0.7,0.9,0.81,2.0,24.3,0.227,0.714,0.465,17.048,17.3,0.608,0.626,1.0,0.197,98.5,97.5,81.25,98.0,0.515
0022300968,1610612754,Indiana,Pacers,IND,pacers,240:00,112.0,118.6,100.4,99.0,11.6,19.6,0.42,1.62,14.4,0.411,0.75,0.567,12.033,12.7,0.505,0.54,1.0,0.19,103.84,101.5,84.58,102.0,0.582
0022300968,1610612751,Brooklyn,Nets,BKN,nets,240:00,100.4,99.0,112.0,118.6,-11.6,-19.6,0.545,0.86,13.9,0.25,0.589,0.433,21.076,20.8,0.494,0.552,1.0,0.199,103.84,101.5,84.58,101.0,0.418
0022301036,1610612761,Toronto,Raptors,TOR,raptors,240:00,95.4,96.7,103.3,105.5,-8.0,-8.8,0.622,2.3,18.7,0.224,0.565,0.389,10.837,11.0,0.465,0.487,1.0,0.199,92.6,91.0,75.83,91.0,0.48
0022301036,1610612751,Brooklyn,Nets,BKN,nets,240:00,103.3,105.5,95.4,96.7,8.0,8.8,0.541,1.0,15.5,0.435,0.776,0.611,21.524,22.0,0.512,0.54,1.0,0.196,92.6,91.0,75.83,91.0,0.52
0022300589,1610612744,Golden State,Warriors,GSW,warriors,240:00,105.0,103.0,99.2,99.0,5.8,4.0,0.707,1.71,20.9,0.224,0.83,0.539,17.158,16.8,0.539,0.559,1.0,0.2,99.96,101.0,84.17,101.0,0.533
0022300589,1610612742,Dallas,Mavericks,DAL,mavericks,240:00,99.2,99.0,105.0,103.0,-5.8,-4.0,0.692,1.8,19.9,0.17,0.776,0.461,14.875,14.9,0.522,0.533,1.0,0.198,99.96,101.0,84.17,101.0,0.468
0022301181,1610612742,Dallas,Mavericks,DAL,mavericks,240:00,89.6,89.0,107.0,107.0,-17.4,-18.0,0.556,1.0,15.6,0.229,0.86,0.551,20.145,20.0,0.482,0.504,1.0,0.201,99.62,100.0,83.33,100.0,0.419
0022301181,1610612765,Detroit,Pistons,DET,pistons,240:00,107.0,107.0,89.6,89.0,17.4,18.0,0.5,3.29,17.8,0.14,0.771,0.449,7.003,7.0,0.526,0.541,1.0,0.196,99.62,100.0,83.33,100.0,0.581
0022301182,1610612744,Golden State,Warriors,GSW,warriors,240:00,108.7,107.9,112.8,111.8,-4.1,-3.8,0.675,1.69,19.5,0.245,0.88,0.566,15.962,15.8,0.541,0.572,1.0,0.201,100.64,101.5,84.58,101.0,0.498
0022301182,1610612740,New Orleans,Pelicans,NOP,pelicans,240:00,112.8,111.8,108.7,107.9,4.1,3.8,0.571,2.67,18.5,0.12,0.755,0.434,8.907,8.8,0.578,0.587,1.0,0.196,100.64,101.5,84.58,102.0,0.502
0022301111,1610612748,Miami,Heat,MIA,heat,240:00,102.9,107.1,109.2,110.1,-6.3,-3.0,0.615,1.41,16.9,0.364,0.755,0.548,16.66,17.3,0.484,0.52,1.0,0.195,100.94,98.5,82.08,98.0,0.468
0022301111,1610612755,Philadelphia,76ers,PHI,sixers,240:00,109.2,110.1,102.9,107.1,6.3,3.0,0.651,2.55,20.6,0.245,0.636,0.452,11.018,11.1,0.543,0.563,1.0,0.2,100.94,98.5,82.08,99.0,0.532
0022301080,1610612761,Toronto,Raptors,TOR,raptors,240:00,115.6,123.7,139.1,137.8,-23.5,-14.0,0.66,2.58,21.9,0.326,0.722,0.5,11.561,12.4,0.583,0.607,1.0,0.2,100.42,97.5,81.25,97.0,0.453
0022301080,1610612755,Philadelphia,76ers,PHI,sixers,240:00,139.1,137.8,115.6,123.7,23.5,14.0,0.571,1.75,20.9,0.278,0.674,0.5,16.488,16.3,0.735,0.75,1.0,0.198,100.42,97.5,81.25,98.0,0.547
0022300989,1610612758,Sacramento,Kings,SAC,kings,265:00,108.0,111.0,100.7,101.8,7.2,9.2,0.714,1.58,19.1,0.364,0.723,0.558,16.952,17.4,0.505,0.56,1.0,0.197,100.66,98.72,82.26,109.0,0.564
0022300989,1610612763,Memphis,Grizzlies,MEM,grizzlies,265:00,100.7,101.8,108.0,111.0,-7.2,-9.2,0.595,1.57,14.9,0.277,0.636,0.442,12.704,12.8,0.444,0.499,1.0,0.195,100.66,98.72,82.26,109.0,0.436
0022301069,1610612760,Oklahoma City,Thunder,OKC,thunder,240:00,131.7,133.3,108.9,107.3,22.9,26.0,0.673,3.0,24.1,0.289,0.72,0.534,11.322,11.5,0.655,0.687,1.0,0.2,95.88,96.0,80.0,96.0,0.614
0022301069,1610612756,Phoenix,Suns,PHX,suns,240:00,108.9,107.3,131.7,133.3,-22.9,-26.0,0.667,1.86,19.5,0.28,0.711,0.466,14.799,14.6,0.523,0.55,1.0,0.199,95.88,96.0,80.0,96.0,0.386
0022300992,1610612764,Washington,Wizards,WAS,wizards,240:00,113.1,116.3,134.5,137.0,-21.4,-20.7,0.571,2.18,16.9,0.345,0.652,0.481,10.913,11.2,0.505,0.534,1.0,0.199,101.32,99.0,82.5,98.0,0.364
0022300992,1610612745,Houston,Rockets,HOU,rockets,240:00,134.5,137.0,113.1,116.3,21.4,20.7,0.532,3.57,18.0,0.348,0.655,0.519,6.874,7.0,0.588,0.641,1.0,0.197,101.32,99.0,82.5,100.0,0.636
0022300987,1610612762,Utah,Jazz,UTA,jazz,240:00,111.6,113.0,122.2,122.6,-10.6,-9.5,0.641,1.47,18.9,0.333,0.708,0.527,18.248,18.5,0.548,0.577,1.0,0.198,93.22,92.5,77.08,92.0,0.474
0022300987,1610612750,Minnesota,Timberwolves,MIN,timberwolves,240:00,122.2,122.6,111.6,113.0,10.6,9.5,0.614,3.0,20.4,0.292,0.667,0.473,9.648,9.7,0.571,0.592,1.0,0.199,93.22,92.5,77.08,93.0,0.526
0022301091,1610612741,Chicago,Bulls,CHI,bulls,240:00,104.6,103.1,116.6,117.7,-12.0,-14.6,0.459,2.13,13.1,0.333,0.8,0.533,8.285,8.2,0.431,0.483,1.0,0.203,96.74,97.0,80.83,98.0,0.441
0022301091,1610612737,Atlanta,Hawks,ATL,hawks,240:00,116.6,117.7,104.6,103.1,12.0,14.6,0.707,1.93,21.7,0.2,0.667,0.467,15.477,15.6,0.616,0.628,1.0,0.198,96.74,97.0,80.83,96.0,0.559
0022300999,1610612761,Toronto,Raptors,TOR,raptors,240:00,90.0,90.8,124.3,124.2,-34.4,-33.4,0.636,0.95,16.0,0.265,0.543,0.4,22.24,22.4,0.475,0.506,1.0,0.198,98.92,98.5,82.08,98.0,0.303
0022300999,1610612758,Sacramento,Kings,SAC,kings,240:00,124.3,124.2,90.0,90.8,34.4,33.4,0.667,2.0,21.5,0.457,0.735,0.6,16.175,16.2,0.581,0.609,1.0,0.2,98.92,98.5,82.08,99.0,0.697
0022301100,1610612762,Utah,Jazz,UTA,jazz,240:00,106.7,113.0,127.0,129.0,-20.3,-16.0,0.634,1.3,18.7,0.304,0.667,0.471,18.882,20.0,0.576,0.608,1.0,0.197,103.74,100.0,83.33,100.0,0.377
0022301100,1610612739,Cleveland,Cavaliers,CLE,cavaliers,240:00,127.0,129.0,106.7,113.0,20.3,16.0,0.826,2.53,25.6,0.333,0.696,0.529,14.77,15.0,0.635,0.675,1.0,0.197,103.74,100.0,83.33,100.0,0.623
0022300971,1610612741,Chicago,Bulls,CHI,bulls,240:00,126.0,125.7,97.3,97.0,28.7,28.7,0.673,2.2,22.6,0.368,0.808,0.622,14.887,14.9,0.624,0.65,1.0,0.2,100.72,101.0,84.17,101.0,0.656
0022300971,1610612764,Washington,Wizards,WAS,wizards,240:00,97.3,97.0,126.0,125.7,-28.7,-28.7,0.75,1.69,19.8,0.192,0.632,0.378,15.892,15.8,0.506,0.523,1.0,0.197,100.72,101.0,84.17,101.0,0.344
0022300982,1610612746,LA,Clippers,LAC,clippers,240:00,100.3,101.1,115.4,118.3,-15.2,-17.2,0.607,1.06,14.2,0.255,0.682,0.462,17.249,17.4,0.453,0.536,1.0,0.199,94.02,92.5,77.08,92.0,0.412
0022300982,1610612737,Atlanta,Hawks,ATL,hawks,240:00,115.4,118.3,100.3,101.1,15.2,17.2,0.78,2.0,23.3,0.318,0.745,0.538,16.793,17.2,0.589,0.616,1.0,0.194,94.02,92.5,77.08,93.0,0.588
0022301144,1610612766,Charlotte,Hornets,CHA,hornets,240:00,101.7,103.0,129.0,130.0,-27.2,-27.0,0.615,2.0,17.9,0.192,0.646,0.41,11.737,11.9,0.494,0.529,1.0,0.196,101.52,100.5,83.75,101.0,0.394
0022301144,1610612742,Dallas,Mavericks,DAL,mavericks,240:00,129.0,130.0,101.7,103.0,27.2,27.0,0.7,2.33,23.1,0.354,0.808,0.59,14.881,15.0,0.629,0.639,1.0,0.197,101.52,100.5,83.75,100.0,0.606
0022301052,1610612755,Philadelphia,76ers,PHI,sixers,240:00,115.9,113.8,112.7,116.1,3.1,-2.3,0.436,1.42,14.2,0.25,0.759,0.531,12.993,12.8,0.555,0.592,1.0,0.201,94.08,93.5,77.92,94.0,0.496
0022301052,1610612746,LA,Clippers,LAC,clippers,240:00,112.7,116.1,115.9,113.8,-3.1,2.3,0.7,3.5,20.8,0.241,0.75,0.469,8.351,8.6,0.522,0.547,1.0,0.193,94.08,93.5,77.92,93.0,0.504
0022301172,1610612764,Washington,Wizards,WAS,wizards,240:00,119.0,121.0,121.3,120.6,-2.4,0.4,0.711,2.67,22.4,0.128,0.655,0.412,11.24,11.4,0.628,0.643,1.0,0.2,106.54,106.0,88.33,105.0,0.5
0022301172,1610612741,Chicago,Bulls,CHI,bulls,240:00,121.3,120.6,119.0,121.0,2.4,-0.4,0.583,2.15,18.5,0.345,0.872,0.588,12.227,12.1,0.561,0.585,1.0,0.198,106.54,106.0,88.33,107.0,0.5
0022300997,1610612765,Detroit,Pistons,DET,pistons,240:00,97.0,99.0,117.4,119.6,-20.4,-20.6,0.622,1.53,16.3,0.316,0.857,0.545,14.124,14.4,0.439,0.499,1.0,0.2,105.06,103.0,85.83,104.0,0.383
0022300997,1610612754,Indiana,Pacers,IND,pacers,240:00,117.4,119.6,97.0,99.0,20.4,20.6,0.76,2.92,25.9,0.143,0.684,0.455,12.51,12.7,0.631,0.636,1.0,0.196,105.06,103.0,85.83,102.0,0.617
0022301175,1610612752,New York,Knicks,NYK,knicks,240:00,122.0,123.3,121.1,120.2,0.9,3.1,0.553,4.2,17.5,0.283,0.595,0.432,5.495,5.6,0.542,0.59,1.0,0.202,89.68,89.5,74.58,90.0,0.525
0022301175,1610612751,Brooklyn,Nets,BKN,nets,240:00,121.1,120.2,122.0,123.3,-0.9,-3.1,0.537,1.57,17.4,0.405,0.717,0.568,15.844,15.7,0.567,0.592,1.0,0.197,89.68,89.5,74.58,89.0,0.475
0022301043,1610612746,LA,Clippers,LAC,clippers,240:00,123.8,122.1,137.6,141.5,-13.7,-19.4,0.565,2.6,19.9,0.31,0.725,0.512,10.675,10.5,0.576,0.613,1.0,0.197,95.18,94.5,78.75,95.0,0.452
0022301043,1610612754,Indiana,Pacers,IND,pacers,240:00,137.6,141.5,123.8,122.1,13.7,19.4,0.56,3.5,21.3,0.275,0.69,0.488,8.275,8.5,0.68,0.695,1.0,0.201,95.18,94.5,78.75,94.0,0.548
0022301161,1610612748,Miami,Heat,MIA,heat,240:00,99.2,101.1,121.0,122.0,-21.8,-20.9,0.667,1.22,17.4,0.333,0.783,0.553,19.413,19.8,0.488,0.53,1.0,0.195,92.22,91.0,75.83,91.0,0.39
0022301161,1610612742,Dallas,Mavericks,DAL,mavericks,240:00,121.0,122.0,99.2,101.1,21.8,20.9,0.628,3.86,21.3,0.217,0.667,0.447,7.632,7.7,0.58,0.599,1.0,0.201,92.22,91.0,75.83,91.0,0.61
0022301199,1610612746,LA,Clippers,LAC,clippers,240:00,97.7,98.1,105.3,108.4,-7.6,-10.3,0.561,1.92,15.7,0.286,0.638,0.455,11.165,11.2,0.433,0.471,1.0,0.199,108.82,107.0,89.17,107.0,0.456
0022301199,1610612745,Houston,Rockets,HOU,rockets,240:00,105.3,108.4,97.7,98.1,7.6,10.3,0.62,1.72,19.6,0.362,0.714,0.545,16.34,16.8,0.539,0.531,1.0,0.198,108.82,107.0,89.17,107.0,0.544
0022301099,1610612743,Denver,Nuggets,DEN,nuggets,240:00,107.8,110.0,100.0,104.0,7.8,6.0,0.651,3.5,19.9,0.228,0.672,0.468,7.84,8.0,0.495,0.524,1.0,0.198,103.54,100.5,83.75,100.0,0.528
0022301099,1610612759,San Antonio,Spurs,SAS,spurs,240:00,100.0,104.0,107.8,110.0,-7.8,-6.0,0.786,4.13,21.6,0.328,0.772,0.532,7.616,7.9,0.462,0.469,1.0,0.198,103.54,100.5,83.75,101.0,0.472
0022301137,1610612761,Toronto,Raptors,TOR,raptors,240:00,113.7,118.2,111.7,111.9,2.0,6.3,0.673,2.36,21.2,0.255,0.824,0.539,12.246,12.7,0.568,0.6,1.0,0.195,111.76,109.5,91.25,110.0,0.533
0022301137,1610612764,Washington,Wizards,WAS,wizards,240:00,111.7,111.9,113.7,118.2,-2.0,-6.3,0.69,1.93,19.8,0.176,0.745,0.461,13.736,13.8,0.562,0.597,1.0,0.2,111.76,109.5,91.25,109.0,0.467
0022301147,1610612737,Atlanta,Hawks,ATL,hawks,290:00,93.9,100.9,106.1,104.5,-12.2,-3.6,0.622,1.75,17.2,0.366,0.86,0.57,13.541,14.5,0.442,0.466,1.0,0.198,94.51,91.86,76.55,110.0,0.453
0022301147,1610612748,Miami,Heat,MIA,heat,290:00,106.1,104.5,93.9,100.9,12.2,3.6,0.69,1.61,20.1,0.14,0.634,0.43,16.328,16.1,0.58,0.602,1.0,0.198,94.51,91.86,76.55,112.0,0.547
0022301029,1610612748,Miami,Heat,MIA,heat,240:00,125.9,128.7,89.6,88.4,36.3,40.3,0.674,2.42,21.6,0.325,0.86,0.602,12.484,12.8,0.608,0.65,1.0,0.196,94.96,94.5,78.75,94.0,0.683
0022301029,1610612739,Cleveland,Cavaliers,CLE,cavaliers,240:00,89.6,88.4,125.9,128.7,-36.3,-40.3,0.8,1.41,19.7,0.14,0.675,0.398,18.124,17.9,0.479,0.52,1.0,0.2,94.96,94.5,78.75,95.0,0.317
0022301068,1610612748,Miami,Heat,MIA,heat,240:00,138.0,137.9,77.5,80.4,60.5,57.5,0.759,4.56,27.3,0.195,0.745,0.51,8.745,8.7,0.701,0.711,1.0,0.196,104.38,102.5,85.42,103.0,0.795
0022301068,1610612757,Portland,Trail Blazers,POR,blazers,240:00,77.5,80.4,138.0,137.9,-60.5,-57.5,0.571,0.83,14.7,0.255,0.805,0.49,22.676,23.5,0.431,0.446,1.0,0.197,104.38,102.5,85.42,102.0,0.205
0022300993,1610612751,Brooklyn,Nets,BKN,nets,240:00,97.1,100.0,113.4,115.6,-16.2,-15.6,0.613,1.36,15.0,0.351,0.69,0.495,14.944,15.4,0.44,0.486,1.0,0.199,92.7,90.5,75.42,91.0,0.386
0022300993,1610612740,New Orleans,Pelicans,NOP,pelicans,240:00,113.4,115.6,97.1,100.0,16.2,15.6,0.69,2.07,22.0,0.31,0.649,0.505,15.264,15.6,0.566,0.586,1.0,0.197,92.7,90.5,75.42,90.0,0.614
0022301170,1610612758,Sacramento,Kings,SAC,kings,240:00,120.8,123.0,132.5,132.4,-11.6,-9.4,0.565,1.86,19.6,0.143,0.789,0.45,13.752,14.0,0.643,0.663,1.0,0.199,101.86,101.0,84.17,100.0,0.432
0022301170,1610612740,New Orleans,Pelicans,NOP,pelicans,240:00,132.5,132.4,120.8,123.0,11.6,9.4,0.714,2.69,24.7,0.211,0.857,0.55,12.755,12.7,0.698,0.719,1.0,0.198,101.86,101.0,84.17,102.0,0.568
0022301109,1610612740,New Orleans,Pelicans,NOP,pelicans,240:00,113.3,114.9,117.9,123.2,-4.6,-8.3,0.583,1.5,17.0,0.19,0.727,0.465,14.687,14.9,0.553,0.611,1.0,0.197,97.26,94.5,78.75,94.0,0.44
0022301109,1610612753,Orlando,Magic,ORL,magic,240:00,117.9,123.2,113.3,114.9,4.6,8.3,0.659,2.08,20.3,0.273,0.81,0.535,13.105,13.7,0.594,0.628,1.0,0.196,97.26,94.5,78.75,95.0,0.56
0022300991,1610612753,Orlando,Magic,ORL,magic,240:00,118.2,119.1,95.9,98.9,22.4,20.2,0.727,1.78,23.4,0.297,0.786,0.557,19.003,19.1,0.617,0.646,1.0,0.191,95.34,93.5,77.92,94.0,0.63
0022300991,1610612766,Charlotte,Hornets,CHA,hornets,240:00,95.9,98.9,118.2,119.1,-22.4,-20.2,0.5,1.12,16.0,0.214,0.703,0.443,17.716,18.3,0.538,0.554,1.0,0.2,95.34,93.5,77.92,93.0,0.37
0022301121,1610612763,Memphis,Grizzlies,MEM,grizzlies,240:00,104.8,110.2,92.3,92.8,12.6,17.4,0.571,1.14,16.9,0.44,0.76,0.6,20.38,21.4,0.522,0.556,1.0,0.197,100.3,97.5,81.25,98.0,0.583
0022301121,1610612765,Detroit,Pistons,DET,pistons,240:00,92.3,92.8,104.8,110.2,-12.6,-17.4,0.688,1.22,17.0,0.24,0.56,0.4,18.45,18.6,0.456,0.502,1.0,0.199,100.3,97.5,81.25,97.0,0.417
0022301184,1610612746,LA,Clippers,LAC,clippers,240:00,112.0,112.4,106.8,112.2,5.2,0.1,0.535,1.77,16.4,0.4,0.604,0.495,13.353,13.4,0.5,0.522,1.0,0.201,100.18,97.5,81.25,97.0,0.467
0022301184,1610612762,Utah,Jazz,UTA,jazz,240:00,106.8,112.2,112.0,112.4,-5.2,-0.1,0.634,1.44,18.2,0.396,0.6,0.505,17.476,18.4,0.5,0.556,1.0,0.191,100.18,97.5,81.25,98.0,0.533
0022301195,1610612740,New Orleans,Pelicans,NOP,pelicans,240:00,106.8,105.9,120.5,122.8,-13.7,-16.9,0.634,1.37,19.0,0.234,0.769,0.477,18.782,18.6,0.564,0.586,1.0,0.2,102.04,101.5,84.58,102.0,0.403
0022301195,1610612747,Los Angeles,Lakers,LAL,lakers,240:00,120.5,122.8,106.8,105.9,13.7,16.9,0.667,2.13,22.5,0.231,0.766,0.523,14.574,14.9,0.615,0.653,1.0,0.198,102.04,101.5,84.58,101.0,0.597
0022301122,1610612749,Milwaukee,Bucks,MIL,bucks,240:00,106.5,105.7,113.8,113.6,-7.3,-7.9,0.512,1.62,15.3,0.278,0.778,0.505,12.471,12.4,0.5,0.538,1.0,0.2,103.54,104.0,86.67,105.0,0.442
0022301122,1610612761,Toronto,Raptors,TOR,raptors,240:00,113.8,113.6,106.5,105.7,7.3,7.9,0.667,1.41,17.7,0.222,0.722,0.495,16.531,16.5,0.544,0.617,1.0,0.2,103.54,104.0,86.67,103.0,0.558
0022301128,1610612751,Brooklyn,Nets,BKN,nets,240:00,119.6,117.7,104.3,108.4,15.3,9.3,0.526,1.11,15.9,0.342,0.804,0.607,19.044,18.8,0.596,0.646,1.0,0.201,96.64,95.5,79.58,96.0,0.589
0022301128,1610612765,Detroit,Pistons,DET,pistons,240:00,104.3,108.4,119.6,117.7,-15.3,-9.3,0.595,2.5,19.4,0.196,0.658,0.393,10.126,10.5,0.549,0.549,1.0,0.195,96.64,95.5,79.58,95.0,0.411
0022301134,1610612738,Boston,Celtics,BOS,celtics,240:00,123.1,124.0,106.2,107.0,16.9,17.0,0.694,2.62,24.3,0.175,0.597,0.431,12.907,13.0,0.655,0.669,1.0,0.197,100.72,100.0,83.33,100.0,0.603
0022301134,1610612757,Portland,Trail Blazers,POR,blazers,240:00,106.2,107.0,123.1,124.0,-16.9,-17.0,0.65,1.73,17.5,0.403,0.825,0.569,14.893,15.0,0.461,0.497,1.0,0.199,100.72,100.0,83.33,100.0,0.397
0022301032,1610612747,Los Angeles,Lakers,LAL,lakers,240:00,136.5,137.6,126.0,133.0,10.4,4.6,0.56,2.8,19.2,0.244,0.673,0.484,9.098,9.2,0.629,0.695,1.0,0.198,112.48,109.0,90.83,109.0,0.546
0022301032,1610612754,Indiana,Pacers,IND,pacers,240:00,126.0,133.0,136.5,137.6,-10.4,-4.6,0.661,3.55,23.8,0.327,0.756,0.516,9.562,10.1,0.636,0.636,1.0,0.198,112.48,109.0,90.83,109.0,0.454
0022301024,1610612745,Houston,Rockets,HOU,rockets,240:00,146.8,147.0,117.2,119.0,29.5,28.0,0.574,3.44,21.7,0.318,0.667,0.505,8.986,9.0,0.696,0.712,1.0,0.2,100.84,100.0,83.33,100.0,0.577
0022301024,1610612762,Utah,Jazz,UTA,jazz,240:00,117.2,119.0,146.8,147.0,-29.5,-28.0,0.6,2.4,17.5,0.333,0.682,0.495,9.85,10.0,0.511,0.575,1.0,0.201,100.84,100.0,83.33,100.0,0.423
0022301031,1610612750,Minnesota,Timberwolves,MIN,timberwolves,240:00,113.0,112.9,107.4,108.9,5.6,4.0,0.75,1.88,21.8,0.191,0.776,0.49,15.854,15.8,0.601,0.62,1.0,0.198,101.68,101.0,84.17,101.0,0.545
0022301031,1610612744,Golden State,Warriors,GSW,warriors,240:00,107.4,108.9,113.0,112.9,-5.6,-4.0,0.605,1.77,17.4,0.224,0.809,0.51,12.69,12.9,0.529,0.57,1.0,0.199,101.68,101.0,84.17,101.0,0.455
0022301018,1610612747,Los Angeles,Lakers,LAL,lakers,240:00,103.6,102.0,91.7,94.0,11.9,8.0,0.688,1.05,16.9,0.25,0.723,0.532,21.534,21.2,0.521,0.577,1.0,0.201,100.04,99.5,82.92,99.0,0.573
0022301018,1610612755,Philadelphia,76ers,PHI,sixers,240:00,91.7,94.0,103.6,102.0,-11.9,-8.0,0.606,2.22,14.8,0.277,0.75,0.468,8.775,9.0,0.385,0.441,1.0,0.197,100.04,99.5,82.92,100.0,0.427
0022301064,1610612753,Orlando,Magic,ORL,magic,240:00,100.4,103.2,105.0,107.5,-4.5,-4.3,0.526,1.18,15.4,0.388,0.644,0.511,17.598,18.1,0.5,0.524,1.0,0.193,95.94,93.5,77.92,94.0,0.487
0022301064,1610612746,LA,Clippers,LAC,clippers,240:00,105.0,107.5,100.4,103.2,4.5,4.3,0.463,1.12,15.0,0.356,0.612,0.489,17.842,18.3,0.529,0.554,1.0,0.198,95.94,93.5,77.92,93.0,0.513
0022301030,1610612749,Milwaukee,Bucks,MIL,bucks,240:00,117.8,121.6,92.4,93.0,25.4,28.6,0.673,1.94,22.3,0.356,0.741,0.573,16.973,17.5,0.592,0.601,1.0,0.196,100.42,98.5,82.08,97.0,0.654
0022301030,1610612760,Oklahoma City,Thunder,OKC,thunder,240:00,92.4,93.0,117.8,121.6,-25.4,-28.6,0.606,1.67,15.3,0.259,0.644,0.427,11.919,12.0,0.427,0.471,1.0,0.199,100.42,98.5,82.08,100.0,0.346
0022301191,1610612753,Orlando,Magic,ORL,magic,240:00,112.6,120.2,92.5,92.6,20.1,27.6,0.643,1.93,20.1,0.341,0.8,0.573,13.95,14.9,0.559,0.605,1.0,0.196,97.74,94.5,78.75,94.0,0.645
0022301191,1610612749,Milwaukee,Bucks,MIL,bucks,240:00,92.5,92.6,112.6,120.2,-20.1,-27.6,0.533,0.94,13.5,0.2,0.659,0.427,17.872,17.9,0.447,0.517,1.0,0.198,97.74,94.5,78.75,95.0,0.355
0022301004,1610612753,Orlando,Magic,ORL,magic,240:00,120.6,121.0,102.7,105.0,17.9,16.0,0.702,2.06,23.0,0.279,0.821,0.537,15.943,16.0,0.628,0.641,1.0,0.198,101.8,100.5,83.75,100.0,0.57
0022301004,1610612740,New Orleans,Pelicans,NOP,pelicans,240:00,102.7,105.0,120.6,121.0,-17.9,-16.0,0.571,1.26,18.4,0.179,0.721,0.463,18.404,18.8,0.577,0.608,1.0,0.196,101.8,100.5,83.75,101.0,0.43
0022301165,1610612746,LA,Clippers,LAC,clippers,240:00,104.4,104.9,117.4,120.4,-13.0,-15.5,0.523,1.77,17.0,0.208,0.735,0.461,12.573,12.6,0.526,0.543,1.0,0.198,104.5,103.0,85.83,103.0,0.437
0022301165,1610612756,Phoenix,Suns,PHX,suns,240:00,117.4,120.4,104.4,104.9,13.0,15.5,0.63,2.23,20.2,0.265,0.792,0.539,12.311,12.6,0.579,0.61,1.0,0.199,104.5,103.0,85.83,103.0,0.563
0022301098,1610612750,Minnesota,Timberwolves,MIN,timberwolves,240:00,114.5,118.9,104.8,110.4,9.7,8.5,0.707,1.61,21.7,0.263,0.655,0.495,18.241,18.9,0.604,0.652,1.0,0.197,99.92,95.5,79.58,95.0,0.608
0022301098,1610612745,Houston,Rockets,HOU,rockets,240:00,104.8,110.4,114.5,118.9,-9.7,-8.5,0.561,1.53,16.9,0.345,0.737,0.505,14.828,15.6,0.522,0.54,1.0,0.196,99.92,95.5,79.58,96.0,0.392
0022301167,1610612738,Boston,Celtics,BOS,celtics,240:00,114.7,113.5,116.4,121.6,-1.7,-8.1,0.625,2.08,19.2,0.208,0.549,0.384,12.626,12.5,0.558,0.586,1.0,0.2,98.22,96.5,80.42,96.0,0.471
0022301167,1610612752,New York,Knicks,NYK,knicks,240:00,116.4,121.6,114.7,113.5,1.7,8.1,0.49,1.6,16.9,0.451,0.792,0.616,14.793,15.5,0.566,0.571,1.0,0.193,98.22,96.5,80.42,97.0,0.529
0022301178,1610612750,Minnesota,Timberwolves,MIN,timberwolves,240:00,110.4,105.8,99.1,105.0,11.3,0.9,0.763,2.07,21.5,0.178,0.722,0.475,14.176,13.6,0.544,0.594,1.0,0.202,102.88,102.0,85.0,103.0,0.606
0022301178,1610612737,Atlanta,Hawks,ATL,hawks,240:00,99.1,105.0,110.4,105.8,-11.3,-0.9,0.575,1.53,16.5,0.278,0.822,0.525,14.019,14.9,0.494,0.525,1.0,0.197,102.88,102.0,85.0,101.0,0.394
0022301011,1610612765,Detroit,Pistons,DET,pistons,240:00,102.3,103.0,129.2,131.6,-26.9,-28.6,0.595,1.32,18.8,0.286,0.766,0.539,19.053,19.2,0.56,0.575,1.0,0.199,99.8,98.5,82.08,99.0,0.387
0022301011,1610612738,Boston,Celtics,BOS,celtics,240:00,129.2,131.6,102.3,103.0,26.9,28.6,0.66,4.43,22.3,0.234,0.714,0.461,7.008,7.1,0.618,0.639,1.0,0.2,99.8,98.5,82.08,98.0,0.613
0022301026,1610612757,Portland,Trail Blazers,POR,blazers,240:00,108.3,113.3,113.4,115.2,-5.1,-1.9,0.628,1.69,18.8,0.365,0.571,0.472,15.613,16.3,0.516,0.552,1.0,0.197,101.5,98.5,82.08,98.0,0.487
0022301026,1610612743,Denver,Nuggets,DEN,nuggets,240:00,113.4,115.2,108.3,113.3,5.1,1.9,0.61,1.79,17.3,0.429,0.635,0.528,13.928,14.1,0.495,0.54,1.0,0.199,101.5,98.5,82.08,99.0,0.513
0022301007,1610612749,Milwaukee,Bucks,MIL,bucks,240:00,119.0,119.8,110.2,112.5,8.9,7.3,0.628,2.7,20.1,0.245,0.627,0.44,10.352,10.4,0.56,0.589,1.0,0.199,97.32,96.0,80.0,96.0,0.501
0022301007,1610612751,Brooklyn,Nets,BKN,nets,240:00,110.2,112.5,119.0,119.8,-8.9,-7.3,0.707,2.07,20.4,0.373,0.755,0.56,14.28,14.6,0.516,0.545,1.0,0.2,97.32,96.0,80.0,96.0,0.499
0022301019,1610612752,New York,Knicks,NYK,knicks,240:00,109.1,114.1,103.8,103.3,5.3,10.8,0.595,2.5,18.2,0.383,0.814,0.563,10.386,10.9,0.51,0.513,1.0,0.196,92.94,91.0,75.83,92.0,0.514
0022301019,1610612751,Brooklyn,Nets,BKN,nets,240:00,103.8,103.3,109.1,114.1,-5.3,-10.8,0.765,1.73,21.0,0.186,0.617,0.437,16.741,16.7,0.526,0.563,1.0,0.201,92.94,91.0,75.83,90.0,0.486
0022301073,1610612758,Sacramento,Kings,SAC,kings,240:00,104.8,109.6,115.7,113.8,-10.8,-4.3,0.6,2.18,18.1,0.278,0.848,0.54,11.193,11.7,0.516,0.529,1.0,0.196,95.4,94.0,78.33,94.0,0.455
0022301073,1610612742,Dallas,Mavericks,DAL,mavericks,240:00,115.7,113.8,104.8,109.6,10.8,4.3,0.686,2.4,19.6,0.152,0.722,0.46,10.808,10.6,0.574,0.604,1.0,0.201,95.4,94.0,78.33,94.0,0.545
0022300994,1610612759,San Antonio,Spurs,SAS,spurs,240:00,101.7,103.9,108.2,108.7,-6.5,-4.8,0.795,1.94,21.3,0.226,0.878,0.539,15.203,15.5,0.517,0.545,1.0,0.198,104.86,103.5,86.25,103.0,0.483
0022300994,1610612742,Dallas,Mavericks,DAL,mavericks,240:00,108.2,108.7,101.7,103.9,6.5,4.8,0.705,3.44,22.4,0.122,0.774,0.461,8.614,8.7,0.538,0.574,1.0,0.201,104.86,103.5,86.25,104.0,0.517
0022301074,1610612740,New Orleans,Pelicans,NOP,pelicans,240:00,99.0,100.0,112.7,111.8,-13.7,-11.8,0.647,2.44,17.6,0.193,0.744,0.43,9.686,9.8,0.471,0.49,1.0,0.198,92.6,92.5,77.08,92.0,0.405
0022301074,1610612738,Boston,Celtics,BOS,celtics,240:00,112.7,111.8,99.0,100.0,13.7,11.8,0.692,2.08,21.2,0.256,0.807,0.57,14.088,14.0,0.567,0.596,1.0,0.199,92.6,92.5,77.08,93.0,0.595
0022301158,1610612739,Cleveland,Cavaliers,CLE,cavaliers,240:00,111.4,113.4,99.6,101.0,11.7,12.4,0.73,1.69,19.6,0.292,0.725,0.515,16.201,16.5,0.543,0.58,1.0,0.193,98.56,97.0,80.83,97.0,0.567
0022301158,1610612763,Memphis,Grizzlies,MEM,grizzlies,240:00,99.6,101.0,111.4,113.4,-11.7,-12.4,0.636,1.31,16.2,0.275,0.708,0.485,16.267,16.5,0.476,0.531,1.0,0.196,98.56,97.0,80.83,97.0,0.433
0022301116,1610612754,Indiana,Pacers,IND,pacers,240:00,122.0,123.5,109.2,108.7,12.8,14.8,0.652,2.14,21.2,0.227,0.783,0.511,13.561,13.7,0.608,0.648,1.0,0.198,102.9,102.5,85.42,102.0,0.543
0022301116,1610612760,Oklahoma City,Thunder,OKC,thunder,240:00,109.2,108.7,122.0,123.5,-12.8,-14.8,0.571,1.6,17.7,0.217,0.773,0.489,14.626,14.6,0.535,0.58,1.0,0.197,102.9,102.5,85.42,103.0,0.457
0022301028,1610612746,LA,Clippers,LAC,clippers,240:00,112.7,118.9,134.5,133.0,-21.8,-14.1,0.675,1.93,20.5,0.341,0.674,0.506,14.749,15.6,0.542,0.588,1.0,0.196,92.44,90.5,75.42,90.0,0.451
0022301028,1610612755,Philadelphia,76ers,PHI,sixers,240:00,134.5,133.0,112.7,118.9,21.8,14.1,0.667,4.0,23.9,0.326,0.659,0.494,8.893,8.8,0.633,0.644,1.0,0.2,92.44,90.5,75.42,91.0,0.549
0022301015,1610612759,San Antonio,Spurs,SAS,spurs,240:00,91.4,92.4,94.6,94.3,-3.2,-1.9,0.649,1.5,16.5,0.297,0.782,0.521,15.077,15.2,0.426,0.461,1.0,0.201,105.38,105.0,87.5,105.0,0.498
0022301015,1610612763,Memphis,Grizzlies,MEM,grizzlies,240:00,94.6,94.3,91.4,92.4,3.2,1.9,0.545,1.0,13.7,0.218,0.703,0.479,17.202,17.1,0.476,0.518,1.0,0.201,105.38,105.0,87.5,105.0,0.502
0022301200,1610612758,Sacramento,Kings,SAC,kings,240:00,121.1,122.2,81.6,82.8,39.5,39.4,0.674,2.07,20.4,0.319,0.588,0.478,14.017,14.1,0.569,0.612,1.0,0.198,100.18,99.0,82.5,99.0,0.731
0022301200,1610612757,Portland,Trail Blazers,POR,blazers,240:00,81.6,82.8,121.1,122.2,-39.5,-39.4,0.581,1.0,12.7,0.412,0.681,0.522,17.914,18.2,0.352,0.389,1.0,0.199,100.18,99.0,82.5,99.0,0.269
0022301185,1610612758,Sacramento,Kings,SAC,kings,240:00,112.4,113.8,111.9,114.9,0.5,-1.1,0.65,3.71,20.0,0.235,0.75,0.448,7.356,7.4,0.516,0.551,1.0,0.2,95.82,94.0,78.33,94.0,0.483
0022301185,1610612756,Phoenix,Suns,PHX,suns,240:00,111.9,114.9,112.4,113.8,-0.5,1.1,0.625,1.32,19.6,0.25,0.765,0.552,19.693,20.2,0.605,0.647,1.0,0.195,95.82,94.0,78.33,94.0,0.517
0022301083,1610612745,Houston,Rockets,HOU,rockets,240:00,106.6,110.3,123.8,127.6,-17.2,-17.2,0.564,1.83,16.4,0.296,0.688,0.48,11.957,12.4,0.495,0.533,1.0,0.196,100.66,97.5,81.25,97.0,0.436
0022301083,1610612742,Dallas,Mavericks,DAL,mavericks,240:00,123.8,127.6,106.6,110.3,17.2,17.2,0.5,1.71,17.8,0.313,0.704,0.52,13.867,14.3,0.645,0.645,1.0,0.196,100.66,97.5,81.25,98.0,0.564
0022301103,1610612764,Washington,Wizards,WAS,wizards,240:00,110.4,110.1,113.9,115.7,-3.5,-5.6,0.578,1.44,18.5,0.149,0.729,0.442,16.556,16.5,0.593,0.62,1.0,0.197,109.24,108.5,90.42,109.0,0.463
0022301103,1610612747,Los Angeles,Lakers,LAL,lakers,240:00,113.9,115.7,110.4,110.1,3.5,5.6,0.457,1.24,14.8,0.271,0.851,0.558,15.488,15.7,0.549,0.602,1.0,0.197,109.24,108.5,90.42,108.0,0.537
0022300979,1610612753,Orlando,Magic,ORL,magic,240:00,112.3,114.4,98.4,98.0,14.0,16.5,0.512,1.47,16.8,0.279,0.723,0.511,15.182,15.5,0.571,0.592,1.0,0.197,98.2,97.5,81.25,97.0,0.564
0022300979,1610612761,Toronto,Raptors,TOR,raptors,240:00,98.4,98.0,112.3,114.4,-14.0,-16.5,0.622,1.28,17.5,0.277,0.721,0.489,18.443,18.4,0.488,0.53,1.0,0.199,98.2,97.5,81.25,98.0,0.436
0022301153,1610612760,Oklahoma City,Thunder,OKC,thunder,240:00,110.2,109.8,101.5,102.9,8.7,6.9,0.538,1.5,16.3,0.182,0.647,0.464,13.774,13.7,0.556,0.598,1.0,0.199,102.54,102.0,85.0,102.0,0.587
0022301153,1610612758,Sacramento,Kings,SAC,kings,240:00,101.5,102.9,110.2,109.8,-8.7,-6.9,0.697,1.35,15.6,0.353,0.818,0.536,16.435,16.7,0.448,0.489,1.0,0.199,102.54,102.0,85.0,102.0,0.413
0022301047,1610612758,Sacramento,Kings,SAC,kings,240:00,94.7,95.0,129.8,129.4,-35.1,-34.4,0.771,1.93,19.4,0.224,0.833,0.48,13.812,13.9,0.45,0.488,1.0,0.199,101.54,101.5,84.58,101.0,0.346
0022301047,1610612742,Dallas,Mavericks,DAL,mavericks,240:00,129.8,129.4,94.7,95.0,35.1,34.4,0.667,3.78,24.2,0.167,0.776,0.52,8.848,8.8,0.674,0.675,1.0,0.199,101.54,101.5,84.58,102.0,0.654
0022301027,1610612765,Detroit,Pistons,DET,pistons,240:00,100.9,103.1,115.6,117.5,-14.7,-14.5,0.625,1.18,15.4,0.26,0.804,0.521,16.986,17.3,0.475,0.543,1.0,0.194,99.36,97.5,81.25,98.0,0.404
0022301027,1610612740,New Orleans,Pelicans,NOP,pelicans,240:00,115.6,117.5,100.9,103.1,14.7,14.5,0.659,2.7,20.5,0.196,0.74,0.479,10.138,10.3,0.574,0.602,1.0,0.201,99.36,97.5,81.25,97.0,0.596
0022301143,1610612747,Los Angeles,Lakers,LAL,lakers,240:00,113.5,113.6,119.6,123.3,-6.1,-9.7,0.692,1.8,19.3,0.283,0.646,0.468,14.552,14.6,0.53,0.596,1.0,0.202,104.62,103.0,85.83,103.0,0.477
0022301143,1610612750,Minnesota,Timberwolves,MIN,timberwolves,240:00,119.6,123.3,113.5,113.6,6.1,9.7,0.58,1.81,19.6,0.354,0.717,0.532,15.072,15.5,0.593,0.616,1.0,0.195,104.62,103.0,85.83,103.0,0.523
0022301046,1610612740,New Orleans,Pelicans,NOP,pelicans,240:00,110.8,113.1,122.5,119.0,-11.7,-5.9,0.667,2.6,19.7,0.167,0.825,0.466,9.889,10.1,0.535,0.583,1.0,0.198,99.14,99.5,82.92,99.0,0.453
0022301046,1610612760,Oklahoma City,Thunder,OKC,thunder,240:00,122.5,119.0,110.8,113.1,11.7,5.9,0.609,2.33,21.2,0.175,0.833,0.534,12.351,12.0,0.622,0.646,1.0,0.2,99.14,99.5,82.92,100.0,0.547
0022300973,1610612747,Los Angeles,Lakers,LAL,lakers,240:00,118.7,126.0,132.5,134.7,-13.8,-8.7,0.681,3.2,22.5,0.326,0.66,0.495,9.812,10.4,0.576,0.605,1.0,0.195,99.26,95.5,79.58,96.0,0.477
0022300973,1610612744,Golden State,Warriors,GSW,warriors,240:00,132.5,134.7,118.7,126.0,13.8,8.7,0.745,5.43,25.6,0.34,0.674,0.505,7.246,7.4,0.598,0.618,1.0,0.199,99.26,95.5,79.58,95.0,0.523
0022301177,1610612763,Memphis,Grizzlies,MEM,grizzlies,240:00,116.2,118.8,117.2,119.4,-1.0,-0.6,0.442,1.27,13.7,0.358,0.675,0.495,14.529,14.9,0.542,0.576,1.0,0.198,104.1,102.0,85.0,101.0,0.457
0022301177,1610612747,Los Angeles,Lakers,LAL,lakers,240:00,117.2,119.4,116.2,118.8,1.0,0.6,0.595,1.32,17.1,0.325,0.642,0.505,18.102,18.4,0.599,0.641,1.0,0.198,104.1,102.0,85.0,103.0,0.543
0022301114,1610612746,LA,Clippers,LAC,clippers,240:00,98.0,102.0,98.0,100.0,0.0,2.0,0.647,3.14,16.5,0.203,0.824,0.491,6.726,7.0,0.417,0.49,1.0,0.196,103.04,100.0,83.33,100.0,0.499
0022301114,1610612743,Denver,Nuggets,DEN,nuggets,240:00,98.0,100.0,98.0,102.0,0.0,-2.0,0.75,1.93,20.0,0.176,0.797,0.509,13.725,14.0,0.5,0.532,1.0,0.196,103.04,100.0,83.33,100.0,0.501
0022301135,1610612766,Charlotte,Hornets,CHA,hornets,240:00,117.8,121.6,119.2,126.0,-1.4,-4.4,0.644,1.61,21.3,0.308,0.659,0.494,17.971,18.6,0.645,0.662,1.0,0.198,100.82,96.5,80.42,97.0,0.504
0022301135,1610612760,Oklahoma City,Thunder,OKC,thunder,240:00,119.2,126.0,117.8,121.6,1.4,4.4,0.733,1.94,22.8,0.341,0.692,0.506,16.752,17.7,0.621,0.64,1.0,0.197,100.82,96.5,80.42,96.0,0.496
0022301141,1610612751,Brooklyn,Nets,BKN,nets,240:00,75.7,77.0,108.0,108.1,-32.3,-31.1,0.567,1.0,13.5,0.207,0.782,0.487,16.713,17.0,0.39,0.42,1.0,0.197,100.38,99.5,82.92,100.0,0.317
0022301141,1610612758,Sacramento,Kings,SAC,kings,240:00,108.0,108.1,75.7,77.0,32.3,31.1,0.775,3.44,22.0,0.218,0.793,0.513,9.087,9.1,0.505,0.529,1.0,0.198,100.38,99.5,82.92,99.0,0.683
0022301009,1610612743,Denver,Nuggets,DEN,nuggets,240:00,120.5,124.2,108.1,111.1,12.3,13.1,0.689,3.1,23.2,0.341,0.814,0.583,10.661,11.0,0.571,0.609,1.0,0.195,93.14,90.5,75.42,91.0,0.568
0022301009,1610612752,New York,Knicks,NYK,knicks,240:00,108.1,111.1,120.5,124.2,-12.3,-13.1,0.737,2.8,22.5,0.186,0.659,0.417,10.813,11.1,0.551,0.578,1.0,0.197,93.14,90.5,75.42,90.0,0.432
0022301071,1610612743,Denver,Nuggets,DEN,nuggets,240:00,98.1,102.1,119.0,116.8,-20.9,-14.8,0.829,2.23,20.4,0.377,0.85,0.581,13.016,13.5,0.443,0.491,1.0,0.198,96.58,95.5,79.58,96.0,0.412
0022301071,1610612750,Minnesota,Timberwolves,MIN,timberwolves,240:00,119.0,116.8,98.1,102.1,20.9,14.8,0.737,3.11,22.0,0.15,0.623,0.419,9.648,9.5,0.574,0.615,1.0,0.197,96.58,95.5,79.58,95.0,0.588
0022301156,1610612756,Phoenix,Suns,PHX,suns,240:00,90.8,89.3,102.1,102.9,-11.3,-13.6,0.567,2.13,13.5,0.131,0.739,0.393,7.896,7.8,0.382,0.454,1.0,0.199,102.08,102.5,85.42,103.0,0.42
0022301156,1610612746,LA,Clippers,LAC,clippers,240:00,102.1,102.9,90.8,89.3,11.3,13.6,0.683,1.33,19.9,0.261,0.869,0.607,20.42,20.6,0.54,0.572,1.0,0.195,102.08,102.5,85.42,102.0,0.58
0022301070,1610612759,San Antonio,Spurs,SAS,spurs,265:00,126.1,122.6,115.3,117.8,10.8,4.9,0.773,2.27,23.4,0.214,0.65,0.471,14.552,14.2,0.634,0.677,1.0,0.203,96.16,96.45,80.38,106.0,0.564
0022301070,1610612752,New York,Knicks,NYK,knicks,265:00,115.3,117.8,126.1,122.6,-10.8,-4.9,0.471,2.0,15.9,0.35,0.786,0.529,10.981,11.2,0.527,0.546,1.0,0.196,96.16,96.45,80.38,107.0,0.436
0022300998,1610612738,Boston,Celtics,BOS,celtics,240:00,127.4,128.4,123.8,124.0,3.6,4.5,0.625,2.78,19.0,0.286,0.7,0.472,9.398,9.5,0.576,0.624,1.0,0.202,95.96,95.5,79.58,95.0,0.523
0022300998,1610612749,Milwaukee,Bucks,MIL,bucks,240:00,123.8,124.0,127.4,128.4,-3.6,-4.5,0.444,1.33,16.0,0.3,0.714,0.528,15.599,15.6,0.637,0.66,1.0,0.198,95.96,95.5,79.58,96.0,0.477
0022301034,1610612737,Atlanta,Hawks,ATL,hawks,240:00,129.8,126.3,117.6,125.5,12.2,0.8,0.652,2.31,21.8,0.364,0.647,0.516,14.057,13.7,0.632,0.635,1.0,0.201,96.42,94.5,78.75,95.0,0.525
0022301034,1610612738,Boston,Celtics,BOS,celtics,240:00,117.6,125.5,129.8,126.3,-12.2,-0.8,0.447,2.33,15.7,0.353,0.636,0.484,8.968,9.6,0.553,0.571,1.0,0.194,96.42,94.5,78.75,94.0,0.475
0022301102,1610612766,Charlotte,Hornets,CHA,hornets,240:00,89.0,90.5,88.8,93.7,0.2,-3.2,0.688,2.0,18.2,0.128,0.638,0.41,11.378,11.6,0.442,0.49,1.0,0.197,98.48,95.0,79.17,95.0,0.548
0022301102,1610612757,Portland,Trail Blazers,POR,blazers,240:00,88.8,93.7,89.0,90.5,-0.2,3.2,0.514,1.19,14.3,0.362,0.872,0.59,15.955,16.8,0.435,0.453,1.0,0.198,98.48,95.0,79.17,95.0,0.452
0022301160,1610612751,Brooklyn,Nets,BKN,nets,240:00,108.7,111.6,105.2,107.4,3.4,4.2,0.658,1.67,18.3,0.34,0.705,0.541,15.375,15.8,0.506,0.549,1.0,0.194,97.24,95.0,79.17,95.0,0.586
0022301160,1610612761,Toronto,Raptors,TOR,raptors,240:00,105.2,107.4,108.7,111.6,-3.4,-4.2,0.543,1.9,14.5,0.295,0.66,0.459,10.318,10.5,0.457,0.5,1.0,0.197,97.24,95.0,79.17,95.0,0.414
0022301186,1610612738,Boston,Celtics,BOS,celtics,240:00,125.4,124.5,109.5,116.2,15.9,8.3,0.569,1.71,20.1,0.286,0.741,0.542,16.154,16.0,0.663,0.672,1.0,0.194,108.32,105.5,87.92,106.0,0.558
0022301186,1610612764,Washington,Wizards,WAS,wizards,240:00,109.5,116.2,125.4,124.5,-15.9,-8.3,0.673,2.75,21.7,0.259,0.714,0.458,10.772,11.4,0.544,0.568,1.0,0.196,108.32,105.5,87.92,105.0,0.442
0022301150,1610612745,Houston,Rockets,HOU,rockets,240:00,118.1,118.0,104.8,107.1,13.3,10.9,0.644,2.42,21.5,0.214,0.755,0.505,12.01,12.0,0.61,0.628,1.0,0.2,100.52,99.5,82.92,100.0,0.534
0022301150,1610612753,Orlando,Magic,ORL,magic,240:00,104.8,107.1,118.1,118.0,-13.3,-10.9,0.59,1.53,17.1,0.245,0.786,0.495,14.834,15.2,0.494,0.551,1.0,0.198,100.52,99.5,82.92,99.0,0.466
0022301051,1610612737,Atlanta,Hawks,ATL,hawks,240:00,116.7,120.0,103.5,107.1,13.2,12.9,0.523,1.35,17.2,0.279,0.778,0.534,16.537,17.0,0.612,0.64,1.0,0.195,102.6,99.5,82.92,100.0,0.548
0022301051,1610612757,Portland,Trail Blazers,POR,blazers,240:00,103.5,107.1,116.7,120.0,-13.2,-12.9,0.814,1.84,24.4,0.222,0.721,0.466,18.555,19.2,0.588,0.593,1.0,0.197,102.6,99.5,82.92,99.0,0.452
0022301017,1610612757,Portland,Trail Blazers,POR,blazers,240:00,118.2,119.4,126.4,127.6,-8.2,-8.2,0.644,2.9,20.3,0.321,0.771,0.5,10.101,10.2,0.548,0.563,1.0,0.198,98.94,98.0,81.67,98.0,0.455
0022301017,1610612746,LA,Clippers,LAC,clippers,240:00,126.4,127.6,118.2,119.4,8.2,8.2,0.591,1.53,19.7,0.229,0.679,0.5,17.193,17.3,0.662,0.703,1.0,0.196,98.94,98.0,81.67,98.0,0.545
0022300977,1610612765,Detroit,Pistons,DET,pistons,240:00,107.3,107.4,109.4,109.5,-2.2,-2.0,0.632,2.0,19.2,0.174,0.745,0.474,12.744,12.8,0.542,0.566,1.0,0.2,94.6,94.5,78.75,94.0,0.476
0022300977,1610612748,Miami,Heat,MIA,heat,240:00,109.4,109.5,107.3,107.4,2.2,2.0,0.6,2.4,18.5,0.255,0.826,0.526,10.522,10.5,0.517,0.541,1.0,0.198,94.6,94.5,78.75,95.0,0.524
0022301097,1610612742,Dallas,Mavericks,DAL,mavericks,240:00,104.6,105.9,101.0,102.9,3.6,3.0,0.75,1.67,21.2,0.222,0.709,0.49,17.435,17.6,0.548,0.579,1.0,0.198,104.08,102.5,85.42,102.0,0.526
0022301097,1610612744,Golden State,Warriors,GSW,warriors,240:00,101.0,102.9,104.6,105.9,-3.6,-3.0,0.659,1.8,18.9,0.291,0.778,0.51,14.297,14.6,0.505,0.525,1.0,0.2,104.08,102.5,85.42,103.0,0.474
0022301006,1610612745,Houston,Rockets,HOU,rockets,240:00,121.2,124.5,113.6,114.7,7.6,9.8,0.574,1.69,18.6,0.34,0.736,0.55,15.267,15.7,0.597,0.624,1.0,0.194,103.9,102.0,85.0,102.0,0.536
0022301006,1610612741,Chicago,Bulls,CHI,bulls,240:00,113.6,114.7,121.2,124.5,-7.6,-9.8,0.548,2.09,16.7,0.264,0.66,0.45,10.68,10.8,0.516,0.563,1.0,0.2,103.9,102.0,85.0,102.0,0.464
0022301079,1610612766,Charlotte,Hornets,CHA,hornets,240:00,121.9,125.5,139.8,139.8,-18.0,-14.3,0.727,3.56,23.9,0.239,0.765,0.463,9.294,9.6,0.631,0.636,1.0,0.2,94.9,93.5,77.92,94.0,0.418
0022301079,1610612746,LA,Clippers,LAC,clippers,240:00,139.8,139.8,121.9,125.5,18.0,14.3,0.651,2.8,21.9,0.235,0.761,0.538,10.757,10.8,0.667,0.723,1.0,0.196,94.9,93.5,77.92,93.0,0.582
0022301063,1610612754,Indiana,Pacers,IND,pacers,240:00,109.9,109.0,90.1,90.9,19.9,18.1,0.628,2.7,20.4,0.17,0.788,0.495,10.085,10.0,0.539,0.573,1.0,0.196,99.54,99.5,82.92,100.0,0.606
0022301063,1610612747,Los Angeles,Lakers,LAL,lakers,240:00,90.1,90.9,109.9,109.0,-19.9,-18.1,0.686,1.5,17.9,0.212,0.83,0.505,16.013,16.2,0.436,0.479,1.0,0.198,99.54,99.5,82.92,99.0,0.394
0022301072,1610612762,Utah,Jazz,UTA,jazz,240:00,101.7,106.4,102.7,105.2,-1.1,1.2,0.622,1.1,17.4,0.318,0.651,0.514,21.35,22.3,0.513,0.566,1.0,0.196,98.34,95.0,79.17,94.0,0.538
0022301072,1610612745,Houston,Rockets,HOU,rockets,240:00,102.7,105.2,101.7,106.4,1.1,-1.2,0.543,1.9,14.4,0.349,0.682,0.486,10.171,10.4,0.456,0.489,1.0,0.201,98.34,95.0,79.17,96.0,0.462
0022301180,1610612759,San Antonio,Spurs,SAS,spurs,240:00,118.5,121.0,114.9,121.2,3.5,-0.2,0.689,1.72,21.5,0.341,0.796,0.581,17.626,18.0,0.618,0.636,1.0,0.198,103.26,99.5,82.92,100.0,0.514
0022301180,1610612743,Denver,Nuggets,DEN,nuggets,240:00,114.9,121.2,118.5,121.0,-3.5,0.2,0.633,3.44,21.9,0.204,0.659,0.419,8.621,9.1,0.572,0.592,1.0,0.192,103.26,99.5,82.92,99.0,0.486
0022301093,1610612755,Philadelphia,76ers,PHI,sixers,240:00,111.2,111.2,105.3,106.1,5.9,5.2,0.75,1.5,20.1,0.25,0.698,0.495,18.367,18.4,0.551,0.612,1.0,0.198,98.84,98.5,82.08,98.0,0.505
0022301093,1610612760,Oklahoma City,Thunder,OKC,thunder,240:00,105.3,106.1,111.2,111.2,-5.9,-5.2,0.811,2.0,21.2,0.302,0.75,0.505,15.048,15.2,0.5,0.543,1.0,0.199,98.84,98.5,82.08,99.0,0.495
0022301171,1610612755,Philadelphia,76ers,PHI,sixers,240:00,118.7,121.4,105.6,108.7,13.1,12.7,0.524,1.69,16.3,0.224,0.727,0.49,12.343,12.6,0.58,0.623,1.0,0.194,106.16,103.5,86.25,103.0,0.532
0022301171,1610612753,Orlando,Magic,ORL,magic,240:00,105.6,108.7,118.7,121.4,-13.1,-12.7,0.581,2.27,17.6,0.273,0.776,0.51,10.28,10.6,0.495,0.533,1.0,0.198,106.16,103.5,86.25,104.0,0.468
0022301127,1610612747,Los Angeles,Lakers,LAL,lakers,240:00,114.8,116.0,93.9,96.0,20.9,20.0,0.667,1.5,21.9,0.205,0.692,0.484,19.794,20.0,0.663,0.666,1.0,0.194,102.16,100.5,83.75,100.0,0.604
0022301127,1610612739,Cleveland,Cavaliers,CLE,cavaliers,240:00,93.9,96.0,114.8,116.0,-20.9,-20.0,0.615,1.26,17.4,0.308,0.795,0.516,18.397,18.8,0.494,0.509,1.0,0.2,102.16,100.5,83.75,101.0,0.396
0022300986,1610612741,Chicago,Bulls,CHI,bulls,240:00,112.0,113.4,108.1,110.3,3.9,3.1,0.634,2.89,18.9,0.278,0.66,0.462,9.161,9.3,0.5,0.538,1.0,0.2,98.62,97.0,80.83,97.0,0.534
0022300986,1610612757,Portland,Trail Blazers,POR,blazers,240:00,108.1,110.3,112.0,113.4,-3.9,-3.1,0.525,1.62,15.8,0.34,0.722,0.538,13.131,13.4,0.5,0.54,1.0,0.2,98.62,97.0,80.83,97.0,0.466
0022301023,1610612741,Chicago,Bulls,CHI,bulls,240:00,124.4,125.6,132.6,137.8,-8.3,-12.2,0.766,5.14,27.7,0.143,0.628,0.41,7.706,7.8,0.628,0.651,1.0,0.198,92.16,90.0,75.0,90.0,0.491
0022301023,1610612738,Boston,Celtics,BOS,celtics,240:00,132.6,137.8,124.4,125.6,8.3,12.2,0.636,2.33,21.0,0.372,0.857,0.59,12.837,13.3,0.634,0.663,1.0,0.197,92.16,90.0,75.0,90.0,0.509
0022301124,1610612742,Dallas,Mavericks,DAL,mavericks,240:00,104.3,104.8,91.1,91.3,13.2,13.5,0.526,1.43,14.8,0.207,0.782,0.487,13.4,13.5,0.5,0.537,1.0,0.197,104.36,104.0,86.67,104.0,0.571
0022301124,1610612737,Atlanta,Hawks,ATL,hawks,240:00,91.1,91.3,104.3,104.8,-13.2,-13.5,0.618,1.0,15.4,0.218,0.793,0.513,20.146,20.2,0.476,0.504,1.0,0.2,104.36,104.0,86.67,104.0,0.429
0022301149,1610612741,Chicago,Bulls,CHI,bulls,240:00,125.3,121.9,132.2,134.7,-6.9,-12.9,0.426,2.22,16.0,0.302,0.757,0.513,9.64,9.4,0.591,0.607,1.0,0.201,95.08,95.5,79.58,96.0,0.439
0022301149,1610612752,New York,Knicks,NYK,knicks,240:00,132.2,134.7,125.3,121.9,6.9,12.9,0.674,2.82,23.2,0.243,0.698,0.488,11.364,11.6,0.657,0.697,1.0,0.198,95.08,95.5,79.58,95.0,0.561
0022301152,1610612750,Minnesota,Timberwolves,MIN,timberwolves,240:00,127.4,130.0,118.1,121.0,9.3,9.0,0.698,3.75,21.1,0.294,0.766,0.52,7.837,8.0,0.578,0.625,1.0,0.202,102.28,100.0,83.33,100.0,0.56
0022301152,1610612764,Washington,Wizards,WAS,wizards,240:00,118.1,121.0,127.4,130.0,-9.3,-9.0,0.591,2.0,19.2,0.234,0.706,0.48,12.685,13.0,0.607,0.627,1.0,0.197,102.28,100.0,83.33,100.0,0.44
0022301049,1610612753,Orlando,Magic,ORL,magic,240:00,97.6,101.1,104.4,107.4,-6.8,-6.4,0.694,2.27,19.2,0.222,0.64,0.423,11.55,12.0,0.482,0.493,1.0,0.196,95.98,93.0,77.5,92.0,0.455
0022301049,1610612744,Golden State,Warriors,GSW,warriors,240:00,104.4,107.4,97.6,101.1,6.8,6.4,0.65,2.0,19.3,0.36,0.778,0.577,13.441,13.8,0.5,0.528,1.0,0.197,95.98,93.0,77.5,94.0,0.545
0022301025,1610612759,San Antonio,Spurs,SAS,spurs,240:00,104.7,107.1,129.2,132.3,-24.5,-25.3,0.675,1.8,19.8,0.267,0.718,0.476,14.816,15.2,0.524,0.562,1.0,0.2,101.32,99.0,82.5,99.0,0.398
0022301025,1610612756,Phoenix,Suns,PHX,suns,240:00,129.2,132.3,104.7,107.1,24.5,25.3,0.679,3.8,26.0,0.282,0.733,0.524,9.862,10.1,0.654,0.666,1.0,0.196,101.32,99.0,82.5,99.0,0.602
0022301092,1610612740,New Orleans,Pelicans,NOP,pelicans,240:00,115.0,118.1,129.2,131.9,-14.2,-13.8,0.69,3.22,21.1,0.288,0.565,0.418,9.321,9.6,0.534,0.557,1.0,0.197,96.28,94.0,78.33,94.0,0.456
0022301092,1610612756,Phoenix,Suns,PHX,suns,240:00,129.2,131.9,115.0,118.1,14.2,13.8,0.674,2.07,20.6,0.435,0.712,0.582,14.583,14.9,0.598,0.633,1.0,0.196,96.28,94.0,78.33,94.0,0.544
0022301119,1610612741,Chicago,Bulls,CHI,bulls,240:00,110.2,108.0,97.5,102.0,12.7,6.0,0.614,1.59,18.7,0.392,0.75,0.573,17.34,17.0,0.511,0.54,1.0,0.197,100.3,99.0,82.5,100.0,0.576
0022301119,1610612752,New York,Knicks,NYK,knicks,240:00,97.5,102.0,110.2,108.0,-12.7,-6.0,0.611,1.22,16.5,0.25,0.608,0.427,17.551,18.4,0.494,0.534,1.0,0.195,100.3,99.0,82.5,98.0,0.424
0022301057,1610612760,Oklahoma City,Thunder,OKC,thunder,265:00,111.9,112.5,115.7,116.8,-3.7,-4.3,0.553,1.37,17.2,0.288,0.69,0.5,16.88,17.0,0.563,0.591,1.0,0.199,102.65,101.89,84.91,112.0,0.492
0022301057,1610612745,Houston,Rockets,HOU,rockets,265:00,115.7,116.8,111.9,112.5,3.7,4.3,0.5,1.56,16.1,0.31,0.712,0.5,14.02,14.2,0.553,0.578,1.0,0.198,102.65,101.89,84.91,113.0,0.508
0022301139,1610612749,Milwaukee,Bucks,MIL,bucks,240:00,115.9,117.2,127.5,132.6,-11.6,-15.4,0.771,1.93,20.8,0.262,0.667,0.478,14.881,15.1,0.547,0.612,1.0,0.198,94.88,92.5,77.08,93.0,0.471
0022301139,1610612752,New York,Knicks,NYK,knicks,240:00,127.5,132.6,115.9,117.2,11.6,15.4,0.556,3.57,18.7,0.333,0.738,0.522,7.316,7.6,0.565,0.6,1.0,0.193,94.88,92.5,77.08,92.0,0.529
0022301020,1610612753,Orlando,Magic,ORL,magic,240:00,110.4,112.6,112.1,114.7,-1.7,-2.1,0.643,2.08,19.9,0.26,0.8,0.53,13.413,13.7,0.534,0.558,1.0,0.196,97.08,95.0,79.17,95.0,0.488
0022301020,1610612758,Sacramento,Kings,SAC,kings,240:00,112.1,114.7,110.4,112.6,1.7,2.1,0.684,3.71,20.1,0.2,0.74,0.47,7.199,7.4,0.523,0.566,1.0,0.201,97.08,95.0,79.17,95.0,0.512
0022301107,1610612749,Milwaukee,Bucks,MIL,bucks,240:00,102.8,108.6,117.5,118.1,-14.7,-9.5,0.684,2.36,18.9,0.295,0.708,0.477,11.193,11.8,0.495,0.504,1.0,0.198,96.38,93.5,77.92,93.0,0.419
0022301107,1610612763,Memphis,Grizzlies,MEM,grizzlies,240:00,117.5,118.1,102.8,108.6,14.7,9.5,0.543,2.78,18.9,0.292,0.705,0.523,9.526,9.6,0.544,0.564,1.0,0.195,96.38,93.5,77.92,94.0,0.581
0022301008,1610612742,Dallas,Mavericks,DAL,mavericks,240:00,112.6,110.8,92.9,96.0,19.7,14.7,0.767,2.54,22.9,0.277,0.8,0.533,12.959,12.7,0.558,0.575,1.0,0.201,102.34,101.5,84.58,102.0,0.576
0022301008,1610612762,Utah,Jazz,UTA,jazz,240:00,92.9,96.0,112.6,110.8,-19.7,-14.7,0.763,1.61,21.0,0.2,0.723,0.467,17.248,17.8,0.482,0.531,1.0,0.199,102.34,101.5,84.58,101.0,0.424
0022301014,1610612750,Minnesota,Timberwolves,MIN,timberwolves,240:00,114.2,116.9,99.6,100.0,14.6,16.9,0.659,2.25,20.6,0.34,0.708,0.526,13.181,13.5,0.565,0.565,1.0,0.198,91.2,90.0,75.0,89.0,0.565
0022301014,1610612739,Cleveland,Cavaliers,CLE,cavaliers,240:00,99.6,100.0,114.2,116.9,-14.6,-16.9,0.647,1.83,17.8,0.292,0.66,0.474,13.135,13.2,0.463,0.509,1.0,0.197,91.2,90.0,75.0,91.0,0.435
0022301131,1610612742,Dallas,Mavericks,DAL,mavericks,265:00,126.9,131.3,117.9,120.4,9.1,10.9,0.457,1.24,14.7,0.238,0.788,0.543,14.68,15.2,0.629,0.701,1.0,0.2,104.69,101.89,84.91,112.0,0.543
0022301131,1610612745,Houston,Rockets,HOU,rockets,265:00,117.9,120.4,126.9,131.3,-9.1,-10.9,0.674,2.82,20.6,0.212,0.762,0.457,9.532,9.7,0.586,0.627,1.0,0.199,104.69,101.89,84.91,113.0,0.457
0022301187,1610612739,Cleveland,Cavaliers,CLE,cavaliers,240:00,111.2,113.4,125.2,123.7,-14.1,-10.3,0.682,2.14,21.3,0.269,0.756,0.495,14.147,14.4,0.559,0.567,1.0,0.196,97.4,97.0,80.83,97.0,0.427
0022301187,1610612766,Charlotte,Hornets,CHA,hornets,240:00,125.2,123.7,111.2,113.4,14.1,10.3,0.783,3.6,25.4,0.244,0.731,0.505,10.434,10.3,0.61,0.626,1.0,0.198,97.4,97.0,80.83,97.0,0.573
0022301035,1610612752,New York,Knicks,NYK,knicks,240:00,123.2,124.0,96.4,98.0,26.7,26.0,0.667,2.14,21.0,0.292,0.778,0.549,13.905,14.0,0.612,0.628,1.0,0.199,101.68,100.5,83.75,100.0,0.624
0022301035,1610612765,Detroit,Pistons,DET,pistons,240:00,96.4,98.0,123.2,124.0,-26.7,-26.0,0.647,1.83,16.7,0.222,0.708,0.451,11.687,11.9,0.443,0.507,1.0,0.201,101.68,100.5,83.75,101.0,0.376
0022301179,1610612760,Oklahoma City,Thunder,OKC,thunder,240:00,125.3,123.8,105.2,107.0,20.1,16.8,0.617,2.9,21.2,0.209,0.744,0.477,10.02,9.9,0.601,0.639,1.0,0.199,100.76,100.5,83.75,101.0,0.573
0022301179,1610612749,Milwaukee,Bucks,MIL,bucks,240:00,105.2,107.0,125.3,123.8,-20.1,-16.8,0.643,1.42,19.7,0.256,0.791,0.523,18.679,19.0,0.559,0.59,1.0,0.197,100.76,100.5,83.75,100.0,0.427
0022301000,1610612760,Oklahoma City,Thunder,OKC,thunder,240:00,118.1,119.0,104.0,105.9,14.1,13.1,0.674,2.9,20.7,0.229,0.706,0.475,9.925,10.0,0.545,0.591,1.0,0.199,101.84,100.5,83.75,100.0,0.586
0022301000,1610612762,Utah,Jazz,UTA,jazz,240:00,104.0,105.9,118.1,119.0,-14.1,-13.1,0.5,1.25,14.9,0.294,0.771,0.525,15.546,15.8,0.5,0.546,1.0,0.197,101.84,100.5,83.75,101.0,0.414
0022301059,1610612743,Denver,Nuggets,DEN,nuggets,240:00,105.1,106.6,112.0,113.0,-6.9,-6.5,0.632,3.0,19.2,0.216,0.682,0.432,8.669,8.8,0.489,0.52,1.0,0.199,92.56,91.5,76.25,91.0,0.461
0022301059,1610612756,Phoenix,Suns,PHX,suns,240:00,112.0,113.0,105.1,106.6,6.9,6.5,0.744,1.71,21.7,0.318,0.784,0.568,18.311,18.5,0.566,0.592,1.0,0.196,92.56,91.5,76.25,92.0,0.539
0022300980,1610612764,Washington,Wizards,WAS,wizards,240:00,102.8,104.0,129.3,132.7,-26.5,-28.7,0.585,1.5,17.8,0.306,0.66,0.479,15.817,16.0,0.517,0.546,1.0,0.2,100.86,99.0,82.5,100.0,0.39
0022300980,1610612738,Boston,Celtics,BOS,celtics,240:00,129.3,132.7,102.8,104.0,26.5,28.7,0.698,2.0,21.0,0.34,0.694,0.521,14.916,15.3,0.632,0.666,1.0,0.201,100.86,99.0,82.5,98.0,0.61
0022301033,1610612739,Cleveland,Cavaliers,CLE,cavaliers,240:00,120.5,126.4,98.0,98.9,22.6,27.4,0.891,2.93,28.2,0.31,0.809,0.573,14.675,15.4,0.634,0.636,1.0,0.193,94.66,92.0,76.67,91.0,0.63
0022301033,1610612766,Charlotte,Hornets,CHA,hornets,240:00,98.0,98.9,120.5,126.4,-22.6,-27.4,0.647,1.83,18.0,0.191,0.69,0.427,12.777,12.9,0.481,0.523,1.0,0.194,94.66,92.0,76.67,93.0,0.37
0022301042,1610612758,Sacramento,Kings,SAC,kings,240:00,113.3,121.3,105.7,107.9,7.6,13.5,0.658,3.13,19.0,0.377,0.625,0.495,8.393,9.0,0.5,0.549,1.0,0.198,93.06,89.0,74.17,89.0,0.592
0022301042,1610612755,Philadelphia,76ers,PHI,sixers,240:00,105.7,107.9,113.3,121.3,-7.6,-13.5,0.529,1.2,14.5,0.375,0.623,0.505,16.52,16.9,0.482,0.529,1.0,0.198,93.06,89.0,74.17,89.0,0.408
0022300988,1610612744,Golden State,Warriors,GSW,warriors,240:00,115.6,117.9,120.4,124.0,-4.9,-6.1,0.69,2.23,21.0,0.319,0.612,0.469,13.413,13.7,0.557,0.584,1.0,0.2,97.86,95.5,79.58,95.0,0.484
0022300988,1610612752,New York,Knicks,NYK,knicks,240:00,120.4,124.0,115.6,117.9,4.9,6.1,0.659,2.23,20.5,0.388,0.681,0.531,13.158,13.5,0.56,0.596,1.0,0.193,97.86,95.5,79.58,96.0,0.516
0022301159,1610612737,Atlanta,Hawks,ATL,hawks,240:00,114.0,116.3,117.7,117.3,-3.8,-1.0,0.814,1.94,24.6,0.262,0.85,0.549,17.993,18.4,0.634,0.64,1.0,0.196,98.86,98.0,81.67,98.0,0.495
0022301159,1610612766,Charlotte,Hornets,CHA,hornets,240:00,117.7,117.3,114.0,116.3,3.8,1.0,0.625,1.79,19.6,0.15,0.738,0.451,14.333,14.3,0.595,0.648,1.0,0.197,98.86,98.0,81.67,98.0,0.505
0022301056,1610612750,Minnesota,Timberwolves,MIN,timberwolves,240:00,115.2,116.5,96.8,98.9,18.4,17.6,0.667,2.33,21.7,0.233,0.686,0.479,13.038,13.2,0.579,0.595,1.0,0.198,93.02,91.5,76.25,91.0,0.598
0022301056,1610612765,Detroit,Pistons,DET,pistons,240:00,96.8,98.9,115.2,116.5,-18.4,-17.6,0.484,1.25,12.6,0.314,0.767,0.521,12.766,13.0,0.438,0.495,1.0,0.202,93.02,91.5,76.25,92.0,0.402
